contractSymbol,lastTradeDate,strike,lastPrice,bid,ask,change,percentChange,volume,openInterest,impliedVolatility,inTheMoney,contractSize,currency,type,expiry,mid,moneyness,T,IV
SPXW260429C06770000,2026-04-24 14:46:26+00:00,6770.0,367.26,385.7,408.6,120.83002,49.03219,20.0,22,0.37045917633056635,True,REGULAR,USD,call,2026-04-29,397.15,0.9448603401752368,0.00821917808219178,0.21598132315524665
SPXW260429C06780000,2026-04-24 15:00:28+00:00,6780.0,360.57,375.7,398.6,97.97,37.307693,10.0,12,0.3632723585510254,True,REGULAR,USD,call,2026-04-29,387.15,0.9462559979893804,0.00821917808219178,0.21006652279755483
SPXW260429C06820000,2026-04-23 14:55:07+00:00,6820.0,324.15,336.0,358.9,0.0,0.0,27.0,68,0.33637138244628906,True,REGULAR,USD,call,2026-04-29,347.45,0.951838629245955,0.00821917808219178,0.22549767676471602
SPXW260429C06850000,2026-04-23 18:39:40+00:00,6850.0,273.6,316.4,318.4,0.0,0.0,16.0,1096,0.22499859481811518,True,REGULAR,USD,call,2026-04-29,317.4,0.9560256026883859,0.00821917808219178,0.203379301489007
SPXW260429C06860000,2026-04-23 18:39:40+00:00,6860.0,264.2,306.5,308.6,0.0,0.0,26.0,192,0.22159591888427732,True,REGULAR,USD,call,2026-04-29,307.55,0.9574212605025295,0.00821917808219178,0.207535705893446
SPXW260429C06950000,2026-04-24 19:18:58+00:00,6950.0,223.14,219.2,221.2,77.09,52.78329,10.0,344,0.18979692047119145,True,REGULAR,USD,call,2026-04-29,220.2,0.9699821808298221,0.00821917808219178,0.2109231463448689
SPXW260429C06970000,2026-04-24 15:44:55+00:00,6970.0,199.3,192.8,208.8,45.410004,29.508093,34.0,42,0.22278609252929685,True,REGULAR,USD,call,2026-04-29,200.8,0.9727734964581094,0.00821917808219178,0.2028440152114287
SPXW260429C06980000,2026-04-24 19:53:30+00:00,6980.0,190.1,183.5,199.5,45.520004,31.484303,37.0,65,0.21851367431640623,True,REGULAR,USD,call,2026-04-29,191.5,0.974169154272253,0.00821917808219178,0.20270604740471662
SPXW260429C07000000,2026-04-24 19:18:58+00:00,7000.0,176.56,172.6,174.6,45.17,34.378567,35.0,295,0.1766287171936035,True,REGULAR,USD,call,2026-04-29,173.6,0.9769604699005403,0.00821917808219178,0.20561088247412934
SPXW260429C07010000,2026-04-24 20:14:18+00:00,7010.0,161.65,156.2,172.2,33.5,26.141241,29.0,60,0.20685607604980466,True,REGULAR,USD,call,2026-04-29,164.2,0.9783561277146839,0.00821917808219178,0.20144854441623472
SPXW260429C07025000,2026-04-24 16:09:01+00:00,7025.0,146.63,150.1,152.1,34.86001,31.189056,12.0,478,0.1703879348754883,True,REGULAR,USD,call,2026-04-29,151.1,0.9804496144358994,0.00821917808219178,0.2015022159026247
SPXW260429C07035000,2026-04-24 14:44:32+00:00,7035.0,118.22,134.2,150.2,18.090004,18.066519,11.0,69,0.19802132553100588,True,REGULAR,USD,call,2026-04-29,142.2,0.981845272250043,0.00821917808219178,0.19903598121469507
SPXW260429C07045000,2026-04-24 18:42:05+00:00,7045.0,131.25,131.9,135.2,26.150002,24.881067,11.0,67,0.1680533634948731,True,REGULAR,USD,call,2026-04-29,133.55,0.9832409300641867,0.00821917808219178,0.1973108742971798
SPXW260429C07050000,2026-04-24 18:15:38+00:00,7050.0,127.4,128.3,130.2,29.93,30.706886,92.0,542,0.163719910736084,True,REGULAR,USD,call,2026-04-29,129.25,0.9839387589712585,0.00821917808219178,0.19624385513781614
SPXW260429C07055000,2026-04-24 18:42:05+00:00,7055.0,122.45,123.4,126.6,28.32,30.086052,168.0,114,0.16523814506530762,True,REGULAR,USD,call,2026-04-29,125.0,0.9846365878783303,0.00821917808219178,0.19523644286290137
SPXW260429C07060000,2026-04-24 18:15:17+00:00,7060.0,118.97,119.8,121.8,40.08,50.80492,35.0,203,0.16159133094787595,True,REGULAR,USD,call,2026-04-29,120.8,0.9853344167854021,0.00821917808219178,0.19427246861884104
SPXW260429C07065000,2026-04-24 18:24:44+00:00,7065.0,111.68,108.8,124.8,31.970001,40.107895,25.0,40,0.1878285563659668,True,REGULAR,USD,call,2026-04-29,116.8,0.9860322456924739,0.00821917808219178,0.19415169084794098
SPXW260429C07070000,2026-04-24 17:05:49+00:00,7070.0,110.7,110.9,114.1,25.549995,30.005867,28.0,54,0.1615379257202148,True,REGULAR,USD,call,2026-04-29,112.5,0.9867300745995456,0.00821917808219178,0.19215380699837478
SPXW260429C07075000,2026-04-24 19:53:30+00:00,7075.0,108.12,106.3,109.9,31.520004,41.148834,16.0,187,0.1598594757080078,True,REGULAR,USD,call,2026-04-29,108.1,0.9874279035066175,0.00821917808219178,0.1894441018826775
SPXW260429C07080000,2026-04-24 18:47:38+00:00,7080.0,101.15,98.1,108.1,27.650002,37.61905,43.0,98,0.16683267257690432,True,REGULAR,USD,call,2026-04-29,103.1,0.9881257324136893,0.00821917808219178,0.18352586289801262
SPXW260429C07085000,2026-04-24 19:47:42+00:00,7085.0,99.17,94.1,104.1,37.82,61.646294,12.0,45,0.16542124870300295,True,REGULAR,USD,call,2026-04-29,99.1,0.9888235613207611,0.00821917808219178,0.18253026134424669
SPXW260429C07090000,2026-04-24 18:15:17+00:00,7090.0,94.49,94.9,97.8,28.89,44.039635,28.0,169,0.15574727317810058,True,REGULAR,USD,call,2026-04-29,96.35,0.9895213902278329,0.00821917808219178,0.18725140340675517
SPXW260429C07095000,2026-04-24 19:48:28+00:00,7095.0,91.33,86.3,96.3,30.710003,50.659855,24.0,107,0.16279676322937012,True,REGULAR,USD,call,2026-04-29,91.3,0.9902192191349047,0.00821917808219178,0.18068515131343027
SPXW260429C07100000,2026-04-24 19:48:28+00:00,7100.0,90.67,87.0,90.0,30.07,49.62046,371.0,687,0.1530846411132813,True,REGULAR,USD,call,2026-04-29,88.5,0.9909170480419766,0.00821917808219178,0.184369503751974
SPXW260429C07105000,2026-04-24 19:52:40+00:00,7105.0,81.93,84.4,84.9,23.830002,41.015495,66.0,63,0.1474389456176758,True,REGULAR,USD,call,2026-04-29,84.65,0.9916148769490484,0.00821917808219178,0.18288387147467658
SPXW260429C07110000,2026-04-24 19:52:40+00:00,7110.0,78.23,80.6,81.1,24.230003,44.870377,53.0,149,0.14605803901672362,True,REGULAR,USD,call,2026-04-29,80.85,0.9923127058561202,0.00821917808219178,0.18135608081084786
SPXW260429C07115000,2026-04-24 19:40:00+00:00,7115.0,76.15,76.9,77.4,25.850002,51.391655,48.0,127,0.14481064548492434,True,REGULAR,USD,call,2026-04-29,77.15,0.993010534763192,0.00821917808219178,0.1799912092329557
SPXW260429C07120000,2026-04-24 20:00:18+00:00,7120.0,73.3,73.2,73.8,26.470001,56.523598,677.0,851,0.14368150638580324,True,REGULAR,USD,call,2026-04-29,73.5,0.9937083636702638,0.00821917808219178,0.17855969902160257
SPXW260429C07125000,2026-04-24 19:55:40+00:00,7125.0,70.65,69.7,70.2,24.650002,53.58696,272.0,460,0.14234256103515625,True,REGULAR,USD,call,2026-04-29,69.95,0.9944061925773356,0.00821917808219178,0.17726044805636135
SPXW260429C07130000,2026-04-24 19:55:40+00:00,7130.0,67.15,66.1,66.7,23.550003,54.01377,360.0,236,0.1410989821624756,True,REGULAR,USD,call,2026-04-29,66.4,0.9951040214844075,0.00821917808219178,0.17566876778695314
SPXW260429C07135000,2026-04-24 19:55:40+00:00,7135.0,63.75,62.7,63.2,23.25,57.40741,135.0,113,0.13963796772003179,True,REGULAR,USD,call,2026-04-29,62.95,0.9958018503914793,0.00821917808219178,0.17418850484315623
SPXW260429C07140000,2026-04-24 20:02:56+00:00,7140.0,59.8,59.3,59.9,23.059998,62.765373,122.0,141,0.13856604850769044,True,REGULAR,USD,call,2026-04-29,59.599999999999994,0.9964996792985511,0.00821917808219178,0.17280427321830122
SPXW260429C07145000,2026-04-24 20:02:56+00:00,7145.0,56.5,56.0,56.6,19.7,53.53261,200.0,72,0.13726143508911137,True,REGULAR,USD,call,2026-04-29,56.3,0.9971975082056229,0.00821917808219178,0.17130558776675187
SPXW260429C07150000,2026-04-24 20:02:56+00:00,7150.0,53.3,52.8,53.3,18.7,54.04625,1053.0,709,0.13571268348693852,True,REGULAR,USD,call,2026-04-29,53.05,0.9978953371126947,0.00821917808219178,0.16968464066171654
SPXW260429C07155000,2026-04-24 20:14:18+00:00,7155.0,48.05,49.6,50.2,16.32,51.433975,412.0,148,0.13453013916015627,True,REGULAR,USD,call,2026-04-29,49.900000000000006,0.9985931660197666,0.00821917808219178,0.16812751220202948
SPXW260429C07160000,2026-04-24 20:13:48+00:00,7160.0,45.08,46.6,47.1,17.080002,61.000008,325.0,159,0.13308819801330565,True,REGULAR,USD,call,2026-04-29,46.85,0.9992909949268384,0.00821917808219178,0.16662222759689108
SPXW260429C07165000,2026-04-24 20:14:18+00:00,7165.0,42.15,43.6,44.1,14.100002,50.267387,255.0,101,0.13168440345764162,True,REGULAR,USD,call,2026-04-29,43.85,0.9999888238339102,0.00821917808219178,0.16496509364851764
SPXW260429C07170000,2026-04-24 20:10:41+00:00,7170.0,39.83,40.7,41.2,14.130001,54.980545,276.0,134,0.1303111261749267,False,REGULAR,USD,call,2026-04-29,40.95,1.000686652740982,0.00821917808219178,0.16333910008999658
SPXW260429C07175000,2026-04-24 20:10:41+00:00,7175.0,37.11,37.9,38.4,16.11,76.71429,201.0,467,0.12896073684692383,False,REGULAR,USD,call,2026-04-29,38.15,1.0013844816480537,0.00821917808219178,0.16173394164271185
SPXW260429C07180000,2026-04-24 20:13:25+00:00,7180.0,33.9,35.2,35.7,12.900002,61.428577,349.0,194,0.1276256061553955,False,REGULAR,USD,call,2026-04-29,35.45,1.0020823105551255,0.00821917808219178,0.160140053982671
SPXW260429C07190000,2026-04-24 20:09:59+00:00,7190.0,29.69,30.0,30.5,12.59,73.62573,199.0,163,0.12466543067932129,False,REGULAR,USD,call,2026-04-29,30.25,1.0034779683692692,0.00821917808219178,0.1565553072088321
SPXW260429C07195000,2026-04-24 19:59:10+00:00,7195.0,28.45,27.6,28.1,13.800001,94.19797,68.0,71,0.12332267066955568,False,REGULAR,USD,call,2026-04-29,27.85,1.004175797276341,0.00821917808219178,0.15493772563580474
SPXW260429C07200000,2026-04-24 20:14:08+00:00,7200.0,24.5,25.3,25.8,11.25,84.90566,1412.0,608,0.1219760960006714,False,REGULAR,USD,call,2026-04-29,25.55,1.0048736261834128,0.00821917808219178,0.15329637959870204
SPXW260429C07205000,2026-04-24 19:59:08+00:00,7205.0,24.15,23.1,23.6,11.349999,88.67187,161.0,125,0.1206066333770752,False,REGULAR,USD,call,2026-04-29,23.35,1.0055714550904846,0.00821917808219178,0.15162349977043604
SPXW260429C07210000,2026-04-24 20:09:26+00:00,7210.0,20.88,21.0,21.5,9.329999,80.77921,237.0,143,0.11921809745788572,False,REGULAR,USD,call,2026-04-29,21.25,1.0062692839975564,0.00821917808219178,0.149911268874605
SPXW260429C07215000,2026-04-24 20:08:21+00:00,7215.0,19.4,19.0,19.5,9.099999,88.34951,219.0,87,0.11779141494750975,False,REGULAR,USD,call,2026-04-29,19.25,1.0069671129046283,0.00821917808219178,0.14815223696876653
SPXW260429C07220000,2026-04-24 20:01:52+00:00,7220.0,17.6,17.2,17.6,8.0,83.33333,534.0,110,0.11633421516418457,False,REGULAR,USD,call,2026-04-29,17.4,1.0076649418117,0.00821917808219178,0.1465621649937058
SPXW260429C07225000,2026-04-24 20:11:03+00:00,7225.0,15.2,15.4,15.8,6.8999996,83.13252,1557.0,1907,0.11483886878967287,False,REGULAR,USD,call,2026-04-29,15.600000000000001,1.008362770718772,0.00821917808219178,0.1446930940676967
SPXW260429C07230000,2026-04-24 20:11:30+00:00,7230.0,13.57,13.8,14.2,6.2899995,86.401085,370.0,212,0.11366395378112792,False,REGULAR,USD,call,2026-04-29,14.0,1.0090605996258437,0.00821917808219178,0.1432354653202364
SPXW260429C07235000,2026-04-24 20:14:45+00:00,7235.0,12.2,12.2,12.7,4.8999996,67.12328,198.0,850,0.1124737801361084,False,REGULAR,USD,call,2026-04-29,12.45,1.0097584285329155,0.00821917808219178,0.14149065484970189
SPXW260429C07240000,2026-04-24 20:14:53+00:00,7240.0,10.83,10.8,11.3,4.91,82.939186,256.0,335,0.11126071853637695,False,REGULAR,USD,call,2026-04-29,11.05,1.0104562574399873,0.00821917808219178,0.13995071216309254
SPXW260429C07245000,2026-04-24 20:08:04+00:00,7245.0,10.1,9.5,10.0,4.3800006,76.57344,465.0,477,0.11003239830017089,False,REGULAR,USD,call,2026-04-29,9.75,1.0111540863470592,0.00821917808219178,0.1383788391491002
SPXW260429C07250000,2026-04-24 20:14:53+00:00,7250.0,8.38,8.4,8.8,4.15,98.10875,1555.0,1141,0.10879644874572755,False,REGULAR,USD,call,2026-04-29,8.600000000000001,1.011851915254131,0.00821917808219178,0.13707623653109674
SPXW260429C07255000,2026-04-24 20:10:21+00:00,7255.0,7.65,7.3,7.7,3.97,107.88044,3321.0,3141,0.1075681285095215,False,REGULAR,USD,call,2026-04-29,7.5,1.0125497441612028,0.00821917808219178,0.1354848106272356
SPXW260429C07260000,2026-04-24 20:07:53+00:00,7260.0,6.6,6.3,6.7,2.8999999,78.37837,3271.0,3139,0.10634743759155274,False,REGULAR,USD,call,2026-04-29,6.5,1.0132475730682746,0.00821917808219178,0.13390023298154477
SPXW260429C07265000,2026-04-24 20:14:14+00:00,7265.0,5.37,5.4,5.8,2.1699998,67.8125,558.0,539,0.10517252258300781,False,REGULAR,USD,call,2026-04-29,5.6,1.0139454019753464,0.00821917808219178,0.1323490668374157
SPXW260429C07270000,2026-04-24 20:14:14+00:00,7270.0,4.62,4.7,5.0,1.77,62.105263,264.0,372,0.10407390075683592,False,REGULAR,USD,call,2026-04-29,4.85,1.0146432308824183,0.00821917808219178,0.1312639081015136
SPXW260429C07275000,2026-04-24 20:13:40+00:00,7275.0,3.9,4.0,4.3,1.75,81.39535,1412.0,570,0.10308208938598631,False,REGULAR,USD,call,2026-04-29,4.15,1.01534105978949,0.00821917808219178,0.12995148272070875
SPXW260429C07280000,2026-04-24 20:06:42+00:00,7280.0,3.55,3.4,3.7,1.7299999,95.05494,2858.0,481,0.10228864028930662,False,REGULAR,USD,call,2026-04-29,3.55,1.016038888696562,0.00821917808219178,0.1288566211187646
SPXW260429C07290000,2026-04-24 19:59:50+00:00,7290.0,2.3,2.45,2.65,1.0799999,88.52458,2032.0,354,0.10032027618408201,False,REGULAR,USD,call,2026-04-29,2.55,1.0174345465107055,0.00821917808219178,0.12668583265610475
SPXW260429C07300000,2026-04-24 20:12:56+00:00,7300.0,1.75,1.7,1.95,0.74,73.26733,3080.0,1114,0.09951156845092773,False,REGULAR,USD,call,2026-04-29,1.825,1.0188302043248492,0.00821917808219178,0.12512612964707498
SPXW260429C07310000,2026-04-24 20:11:35+00:00,7310.0,1.25,1.2,1.45,0.55,78.571434,409.0,998,0.09923691299438475,False,REGULAR,USD,call,2026-04-29,1.325,1.0202258621389928,0.00821917808219178,0.12444939360823569
SPXW260429C07320000,2026-04-24 20:05:04+00:00,7320.0,0.82,0.85,1.1,0.32,64.0,594.0,910,0.09955734436035156,False,REGULAR,USD,call,2026-04-29,0.9750000000000001,1.0216215199531364,0.00821917808219178,0.12441613361985916
SPXW260429C07325000,2026-04-24 20:02:22+00:00,7325.0,0.67,0.75,0.95,0.32000002,91.42858,651.0,717,0.09961837890625,False,REGULAR,USD,call,2026-04-29,0.85,1.0223193488602083,0.00821917808219178,0.12482267379433296
SPXW260429C07330000,2026-04-24 20:04:40+00:00,7330.0,0.6,0.65,0.85,0.25000003,71.42858,316.0,769,0.1002897589111328,False,REGULAR,USD,call,2026-04-29,0.75,1.02301717776728,0.00821917808219178,0.12549788220826325
SPXW260429C07350000,2026-04-24 20:00:06+00:00,7350.0,0.3,0.4,0.55,0.10000001,50.000008,982.0,1062,0.10315838256835935,False,REGULAR,USD,call,2026-04-29,0.47500000000000003,1.0258084933955673,0.00821917808219178,0.12908181466108753
SPXW260429C07375000,2026-04-24 20:11:30+00:00,7375.0,0.25,0.2,0.4,0.099999994,66.666664,285.0,861,0.10981114807128906,False,REGULAR,USD,call,2026-04-29,0.30000000000000004,1.0292976379309264,0.00821917808219178,0.13536900673819724
SPXW260429C07400000,2026-04-24 20:02:18+00:00,7400.0,0.15,0.15,0.3,0.050000004,50.000008,544.0,1034,0.11658598266601564,False,REGULAR,USD,call,2026-04-29,0.22499999999999998,1.0327867824662855,0.00821917808219178,0.1441388001256661
SPXW260429C07425000,2026-04-24 20:10:18+00:00,7425.0,0.15,0.1,0.25,0.050000004,50.000008,133.0,459,0.12439840454101564,False,REGULAR,USD,call,2026-04-29,0.175,1.0362759270016446,0.00821917808219178,0.1530252797556714
SPXW260429C07450000,2026-04-24 19:46:45+00:00,7450.0,0.1,0.1,0.25,0.05,100.0,31.0,295,0.13465220825195315,False,REGULAR,USD,call,2026-04-29,0.175,1.0397650715370037,0.00821917808219178,0.16587890479464537
SPXW260429P05825000,2026-04-24 15:07:32+00:00,5825.0,0.1,0.05,0.15,-0.050000004,-33.333336,250.0,22,0.5644574804687501,False,REGULAR,USD,put,2026-04-29,0.1,0.8129706767386639,0.00821917808219178,0.729280059802312
SPXW260429P05850000,2026-04-24 15:01:47+00:00,5850.0,0.1,0.05,0.15,0.0,0.0,29.0,273,0.5537154003906251,False,REGULAR,USD,put,2026-04-29,0.1,0.816459821274023,0.00821917808219178,0.7152928157049182
SPXW260429P05875000,2026-04-24 13:48:35+00:00,5875.0,0.1,0.05,0.15,-0.050000004,-33.333336,32.0,92,0.5429733203125001,False,REGULAR,USD,put,2026-04-29,0.1,0.819948965809382,0.00821917808219178,0.7013491091846479
SPXW260429P05900000,2026-04-24 15:44:43+00:00,5900.0,0.11,0.05,0.15,-0.019999996,-15.384613,90.0,432,0.5317429638671876,False,REGULAR,USD,put,2026-04-29,0.1,0.8234381103447411,0.00821917808219178,0.6874483212127132
SPXW260429P06050000,2026-04-24 20:09:07+00:00,6050.0,0.1,0.1,0.2,-0.15,-60.000004,116.0,178,0.49658706542968756,False,REGULAR,USD,put,2026-04-29,0.15000000000000002,0.8443729775568956,0.00821917808219178,0.6259917750874343
SPXW260429P06100000,2026-04-24 18:35:39+00:00,6100.0,0.15,0.1,0.25,-0.22,-59.45946,251.0,1101,0.48438015625,False,REGULAR,USD,put,2026-04-29,0.175,0.8513512666276137,0.00821917808219178,0.606164304167123
SPXW260429P06125000,2026-04-24 19:26:15+00:00,6125.0,0.1,0.1,0.25,-0.15,-60.000004,299.0,143,0.4731497998046875,False,REGULAR,USD,put,2026-04-29,0.175,0.8548404111629727,0.00821917808219178,0.5920380817558404
SPXW260429P06150000,2026-04-24 19:25:29+00:00,6150.0,0.2,0.15,0.25,0.0,0.0,13.0,1387,0.46191944335937507,False,REGULAR,USD,put,2026-04-29,0.2,0.8583295556983318,0.00821917808219178,0.5849983859246038
SPXW260429P06175000,2026-04-23 19:59:38+00:00,6175.0,0.1,0.15,0.25,0.0,0.0,117.0,169,0.4506890869140625,False,REGULAR,USD,put,2026-04-29,0.2,0.8618187002336909,0.00821917808219178,0.5707932404556261
SPXW260429P06225000,2026-04-23 19:58:51+00:00,6225.0,0.2,0.15,0.3,0.0,0.0,12.0,2319,0.43604079589843747,False,REGULAR,USD,put,2026-04-29,0.22499999999999998,0.8687969893044091,0.00821917808219178,0.5484878985793888
SPXW260429P06250000,2026-04-24 18:28:55+00:00,6250.0,0.2,0.2,0.3,-0.049999997,-19.999998,16.0,89,0.424810439453125,False,REGULAR,USD,put,2026-04-29,0.25,0.8722861338397682,0.00821917808219178,0.5396439766887882
SPXW260429P06270000,2026-04-23 19:58:53+00:00,6270.0,0.2,0.2,0.3,0.0,0.0,12.0,42,0.4155331884765625,False,REGULAR,USD,put,2026-04-29,0.25,0.8750774494680554,0.00821917808219178,0.5281717909424081
SPXW260429P06300000,2026-04-24 19:45:01+00:00,6300.0,0.2,0.2,0.35,0.0,0.0,80.0,554,0.40845318115234375,False,REGULAR,USD,put,2026-04-29,0.275,0.8792644229104862,0.00821917808219178,0.5157784739666226
SPXW260429P06330000,2026-04-24 20:12:43+00:00,6330.0,0.2,0.2,0.35,-0.14999999,-42.85714,22.0,117,0.3947814428710938,False,REGULAR,USD,put,2026-04-29,0.275,0.8834513963529171,0.00821917808219178,0.4985055446804197
SPXW260429P06375000,2026-04-24 11:24:26+00:00,6375.0,0.3,0.25,0.4,-0.099999994,-24.999998,15.0,91,0.37964487548828124,False,REGULAR,USD,put,2026-04-29,0.325,0.8897318565165635,0.00821917808219178,0.48071266440327987
SPXW260429P06400000,2026-04-24 19:59:58+00:00,6400.0,0.2,0.25,0.4,-0.24999999,-55.555553,34.0,150,0.36817038085937503,False,REGULAR,USD,put,2026-04-29,0.325,0.8932210010519226,0.00821917808219178,0.46617999754563516
SPXW260429P06410000,2026-04-24 19:58:16+00:00,6410.0,0.17,0.3,0.4,-0.27999997,-62.222218,12.0,29,0.3635317553710938,False,REGULAR,USD,put,2026-04-29,0.35,0.8946166588660662,0.00821917808219178,0.46392779055432815
SPXW260429P06440000,2026-04-24 19:53:30+00:00,6440.0,0.25,0.3,0.45,-0.25,-50.0,29.0,46,0.354376573486328,False,REGULAR,USD,put,2026-04-29,0.375,0.898803632308497,0.00821917808219178,0.44967696597031154
SPXW260429P06450000,2026-04-24 20:14:24+00:00,6450.0,0.28,0.3,0.45,-0.27,-49.09091,94.0,222,0.3497379479980468,False,REGULAR,USD,put,2026-04-29,0.375,0.9001992901226407,0.00821917808219178,0.4438078448178805
SPXW260429P06460000,2026-04-24 20:09:53+00:00,6460.0,0.28,0.3,0.45,-0.32000002,-53.333336,30.0,3205,0.3450993225097656,False,REGULAR,USD,put,2026-04-29,0.375,0.9015949479367843,0.00821917808219178,0.4379412842883357
SPXW260429P06480000,2026-04-24 14:27:40+00:00,6480.0,0.5,0.3,0.45,-0.100000024,-16.66667,10.0,127,0.335944140625,False,REGULAR,USD,put,2026-04-29,0.375,0.9043862635650716,0.00821917808219178,0.42621434196882
SPXW260429P06490000,2026-04-24 19:50:26+00:00,6490.0,0.3,0.35,0.45,-0.34999996,-53.84615,36.0,37,0.33130551513671874,False,REGULAR,USD,put,2026-04-29,0.4,0.9057819213792152,0.00821917808219178,0.4232961669493408
SPXW260429P06500000,2026-04-24 19:59:01+00:00,6500.0,0.25,0.35,0.5,-0.39999998,-61.53846,545.0,2531,0.3305731005859375,False,REGULAR,USD,put,2026-04-29,0.425,0.9071775791933588,0.00821917808219178,0.4201829392041071
SPXW260429P06520000,2026-04-24 14:55:02+00:00,6520.0,0.5,0.35,0.5,-0.25,-33.333336,27.0,135,0.32129584960937496,False,REGULAR,USD,put,2026-04-29,0.425,0.9099688948216461,0.00821917808219178,0.40833840325966164
SPXW260429P06530000,2026-04-24 19:59:52+00:00,6530.0,0.25,0.35,0.5,-0.55,-68.75,28.0,115,0.31653515502929686,False,REGULAR,USD,put,2026-04-29,0.425,0.9113645526357897,0.00821917808219178,0.4024184877214264
SPXW260429P06550000,2026-04-24 19:59:52+00:00,6550.0,0.3,0.4,0.5,-0.39999998,-57.142853,21.0,170,0.30725790405273434,False,REGULAR,USD,put,2026-04-29,0.45,0.914155868264077,0.00821917808219178,0.3930898951905466
SPXW260429P06600000,2026-04-24 20:14:20+00:00,6600.0,0.39,0.4,0.55,-0.58000004,-59.79382,351.0,1101,0.2872385729980468,False,REGULAR,USD,put,2026-04-29,0.47500000000000003,0.9211341573347951,0.00821917808219178,0.36561306395897936
SPXW260429P06620000,2026-04-24 19:48:54+00:00,6620.0,0.45,0.45,0.6,-0.45,-50.0,1208.0,3099,0.28064684204101553,False,REGULAR,USD,put,2026-04-29,0.525,0.9239254729630824,0.00821917808219178,0.35782159025178045
SPXW260429P06625000,2026-04-24 15:45:06+00:00,6625.0,0.65,0.45,0.6,-0.65,-50.0,153.0,220,0.278327529296875,False,REGULAR,USD,put,2026-04-29,0.525,0.9246233018701542,0.00821917808219178,0.35480394817537897
SPXW260429P06630000,2026-04-23 19:51:51+00:00,6630.0,1.35,0.45,0.6,0.0,0.0,133.0,339,0.27600821655273433,False,REGULAR,USD,put,2026-04-29,0.525,0.925321130777226,0.00821917808219178,0.3517862406741741
SPXW260429P06645000,2026-04-23 19:51:48+00:00,6645.0,1.5,0.45,0.6,0.0,0.0,11.0,68,0.2688061401367187,False,REGULAR,USD,put,2026-04-29,0.525,0.9274146174984415,0.00821917808219178,0.3427307692494987
SPXW260429P06650000,2026-04-24 19:55:16+00:00,6650.0,0.45,0.45,0.6,-0.75000006,-62.5,41.0,384,0.2664868273925781,False,REGULAR,USD,put,2026-04-29,0.525,0.9281124464055133,0.00821917808219178,0.3397116539207729
SPXW260429P06670000,2026-04-24 20:10:15+00:00,6670.0,0.45,0.5,0.65,-0.95,-67.85714,201.0,215,0.25952888916015626,False,REGULAR,USD,put,2026-04-29,0.575,0.9309037620338005,0.00821917808219178,0.3312559953857461
SPXW260429P06675000,2026-04-24 19:57:04+00:00,6675.0,0.4,0.5,0.65,-1.4,-77.77778,14.0,127,0.2572095764160156,False,REGULAR,USD,put,2026-04-29,0.575,0.9316015909408724,0.00821917808219178,0.3282075198229738
SPXW260429P06680000,2026-04-24 19:59:30+00:00,6680.0,0.4,0.5,0.65,-1.5,-78.94737,22.0,390,0.25476819458007816,False,REGULAR,USD,put,2026-04-29,0.575,0.9322994198479442,0.00821917808219178,0.3251585804923882
SPXW260429P06685000,2026-04-24 20:11:14+00:00,6685.0,0.48,0.5,0.65,-1.47,-75.38461,31.0,141,0.25238784729003905,False,REGULAR,USD,put,2026-04-29,0.575,0.932997248755016,0.00821917808219178,0.32210915389089717
SPXW260429P06690000,2026-04-24 20:14:24+00:00,6690.0,0.48,0.5,0.65,-1.47,-75.38461,71.0,259,0.2500075,False,REGULAR,USD,put,2026-04-29,0.575,0.9336950776620878,0.00821917808219178,0.31905897810335576
SPXW260429P06695000,2026-04-24 18:59:39+00:00,6695.0,0.7,0.5,0.65,-1.3999999,-66.666664,21.0,106,0.2475661181640625,False,REGULAR,USD,put,2026-04-29,0.575,0.9343929065691596,0.00821917808219178,0.3160080662073636
SPXW260429P06700000,2026-04-24 20:14:29+00:00,6700.0,0.55,0.5,0.65,-1.21,-68.75,52.0,391,0.2452468054199219,False,REGULAR,USD,put,2026-04-29,0.575,0.9350907354762314,0.00821917808219178,0.3129567107280464
SPXW260429P06705000,2026-04-24 19:36:44+00:00,6705.0,0.75,0.55,0.7,-1.5,-66.66667,62.0,37,0.245124736328125,False,REGULAR,USD,put,2026-04-29,0.625,0.9357885643833033,0.00821917808219178,0.31313763340869416
SPXW260429P06710000,2026-04-24 18:59:39+00:00,6710.0,0.75,0.55,0.7,-0.85,-53.125,11.0,87,0.24268335449218748,False,REGULAR,USD,put,2026-04-29,0.625,0.9364863932903751,0.00821917808219178,0.31005877068976884
SPXW260429P06720000,2026-04-24 19:58:07+00:00,6720.0,0.45,0.55,0.7,-2.1,-82.352936,34.0,94,0.23786162536621092,False,REGULAR,USD,put,2026-04-29,0.625,0.9378820511045187,0.00821917808219178,0.3038985155625921
SPXW260429P06725000,2026-04-24 19:58:08+00:00,6725.0,0.45,0.55,0.7,-1.3499999,-74.99999,126.0,178,0.23548127807617186,False,REGULAR,USD,put,2026-04-29,0.625,0.9385798800115905,0.00821917808219178,0.3008169009777844
SPXW260429P06730000,2026-04-24 19:58:08+00:00,6730.0,0.45,0.6,0.75,-2.2,-83.01887,10.0,60,0.23511507080078126,False,REGULAR,USD,put,2026-04-29,0.675,0.9392777089186624,0.00821917808219178,0.30067304194315364
SPXW260429P06740000,2026-04-24 20:02:30+00:00,6740.0,0.58,0.6,0.75,-2.3200002,-80.0,20.0,57,0.2302933416748047,False,REGULAR,USD,put,2026-04-29,0.675,0.940673366732806,0.00821917808219178,0.29445590570318464
SPXW260429P06745000,2026-04-24 19:53:58+00:00,6745.0,0.75,0.6,0.8,-2.25,-75.0,42.0,108,0.22980506530761718,False,REGULAR,USD,put,2026-04-29,0.7,0.9413711956398778,0.00821917808219178,0.2927240886710764
SPXW260429P06750000,2026-04-24 20:02:22+00:00,6750.0,0.6,0.65,0.8,-2.3200002,-79.45206,128.0,669,0.22736368347167968,False,REGULAR,USD,put,2026-04-29,0.7250000000000001,0.9420690245469496,0.00821917808219178,0.2909350997219735
SPXW260429P06755000,2026-04-24 19:39:51+00:00,6755.0,0.95,0.65,0.8,-2.25,-70.3125,267.0,101,0.22486126708984372,False,REGULAR,USD,put,2026-04-29,0.7250000000000001,0.9427668534540213,0.00821917808219178,0.2877989563515972
SPXW260429P06760000,2026-04-24 18:59:35+00:00,6760.0,1.05,0.65,0.85,-2.3500001,-69.117645,12.0,154,0.22425092163085933,False,REGULAR,USD,put,2026-04-29,0.75,0.9434646823610932,0.00821917808219178,0.28594252342245785
SPXW260429P06765000,2026-04-24 19:53:13+00:00,6765.0,0.85,0.7,0.85,-2.0700002,-70.89041,40.0,157,0.22180953979492185,False,REGULAR,USD,put,2026-04-29,0.7749999999999999,0.944162511268165,0.00821917808219178,0.2840339952001026
SPXW260429P06770000,2026-04-24 20:02:30+00:00,6770.0,0.73,0.7,0.85,-2.87,-79.72222,39.0,486,0.21930712341308595,False,REGULAR,USD,put,2026-04-29,0.7749999999999999,0.9448603401752368,0.00821917808219178,0.28087139970774216
SPXW260429P06775000,2026-04-24 20:02:22+00:00,6775.0,0.7,0.7,0.9,-3.1,-81.57895,143.0,313,0.21857470886230468,False,REGULAR,USD,put,2026-04-29,0.8,0.9455581690823086,0.00821917808219178,0.27890050809926664
SPXW260429P06780000,2026-04-24 19:53:13+00:00,6780.0,0.95,0.75,0.9,-2.95,-75.64102,90.0,353,0.21607229248046872,False,REGULAR,USD,put,2026-04-29,0.825,0.9462559979893804,0.00821917808219178,0.27688213878347595
SPXW260429P06785000,2026-04-24 19:56:53+00:00,6785.0,0.77,0.75,0.95,-3.33,-81.21951,136.0,344,0.21521780883789063,False,REGULAR,USD,put,2026-04-29,0.85,0.9469538268964522,0.00821917808219178,0.27481799629464393
SPXW260429P06790000,2026-04-24 19:44:40+00:00,6790.0,1.14,0.8,0.95,-3.1600003,-73.48838,62.0,396,0.21265435791015624,False,REGULAR,USD,put,2026-04-29,0.875,0.9476516558035241,0.00821917808219178,0.27270979343108825
SPXW260429P06795000,2026-04-24 19:58:24+00:00,6795.0,0.75,0.8,1.0,-3.75,-83.33333,50.0,247,0.21173883972167967,False,REGULAR,USD,put,2026-04-29,0.9,0.9483494847105959,0.00821917808219178,0.2705591027687177
SPXW260429P06800000,2026-04-24 20:04:49+00:00,6800.0,0.85,0.85,1.0,-2.75,-76.38889,212.0,1015,0.20917538879394526,False,REGULAR,USD,put,2026-04-29,0.925,0.9490473136176677,0.00821917808219178,0.26836737089897733
SPXW260429P06805000,2026-04-24 19:54:35+00:00,6805.0,1.0,0.9,1.05,-2.8,-73.68421,181.0,240,0.20813780151367184,False,REGULAR,USD,put,2026-04-29,0.9750000000000001,0.9497451425247395,0.00821917808219178,0.2671245913051361
SPXW260429P06810000,2026-04-24 19:59:35+00:00,6810.0,0.9,0.9,1.1,-3.1999998,-78.048775,263.0,421,0.2069781451416015,False,REGULAR,USD,put,2026-04-29,1.0,0.9504429714318113,0.00821917808219178,0.26482901973071316
SPXW260429P06815000,2026-04-24 19:58:48+00:00,6815.0,0.95,0.95,1.15,-3.3500001,-77.906975,159.0,219,0.20575745422363279,False,REGULAR,USD,put,2026-04-29,1.0499999999999998,0.9511408003388832,0.00821917808219178,0.26342120325540835
SPXW260429P06820000,2026-04-24 20:00:22+00:00,6820.0,1.05,1.0,1.15,-3.45,-76.666664,3343.0,3763,0.20319400329589843,False,REGULAR,USD,put,2026-04-29,1.075,0.951838629245955,0.00821917808219178,0.2610309417493432
SPXW260429P06825000,2026-04-24 19:57:22+00:00,6825.0,1.0,1.05,1.2,-4.2,-80.769226,3577.0,3483,0.20191227783203125,False,REGULAR,USD,put,2026-04-29,1.125,0.9525364581530268,0.00821917808219178,0.25947307954191984
SPXW260429P06830000,2026-04-24 20:14:51+00:00,6830.0,1.08,1.1,1.25,-3.8200002,-77.95918,109.0,475,0.2005695178222656,False,REGULAR,USD,put,2026-04-29,1.175,0.9532342870600986,0.00821917808219178,0.2578294135011355
SPXW260429P06835000,2026-04-24 20:03:52+00:00,6835.0,1.15,1.15,1.3,-5.25,-82.03125,95.0,191,0.19916572326660154,False,REGULAR,USD,put,2026-04-29,1.225,0.9539321159671704,0.00821917808219178,0.2561048927182414
SPXW260429P06840000,2026-04-24 20:03:52+00:00,6840.0,1.2,1.2,1.4,-4.1499996,-77.57008,84.0,366,0.19879951599121093,False,REGULAR,USD,put,2026-04-29,1.2999999999999998,0.9546299448742422,0.00821917808219178,0.25506920848011017
SPXW260429P06845000,2026-04-24 19:56:19+00:00,6845.0,1.34,1.25,1.45,-5.56,-80.57971,115.0,228,0.19727365234375,False,REGULAR,USD,put,2026-04-29,1.35,0.9553277737813141,0.00821917808219178,0.2531692104082614
SPXW260429P06850000,2026-04-24 20:13:35+00:00,6850.0,1.39,1.4,1.5,-5.11,-78.61539,887.0,1009,0.19565623687744144,False,REGULAR,USD,put,2026-04-29,1.45,0.9560256026883859,0.00821917808219178,0.2526092789704722
SPXW260429P06855000,2026-04-24 19:59:25+00:00,6855.0,1.4,1.4,1.55,-5.15,-78.62595,73.0,177,0.1940083041381836,False,REGULAR,USD,put,2026-04-29,1.475,0.9567234315954577,0.00821917808219178,0.24985532172344252
SPXW260429P06860000,2026-04-24 19:59:38+00:00,6860.0,1.45,1.45,1.65,-4.42,-75.298134,1432.0,425,0.19330640686035155,False,REGULAR,USD,put,2026-04-29,1.5499999999999998,0.9574212605025295,0.00821917808219178,0.24839771093583862
SPXW260429P06865000,2026-04-24 20:08:36+00:00,6865.0,1.55,1.55,1.7,-6.6499996,-81.097565,1626.0,205,0.1915364050292969,False,REGULAR,USD,put,2026-04-29,1.625,0.9581190894096013,0.00821917808219178,0.24683635430144987
SPXW260429P06870000,2026-04-24 20:14:51+00:00,6870.0,1.68,1.6,1.8,-6.82,-80.2353,1714.0,411,0.19065140411376952,False,REGULAR,USD,put,2026-04-29,1.7000000000000002,0.9588169183166732,0.00821917808219178,0.24517758519929772
SPXW260429P06875000,2026-04-24 19:57:22+00:00,6875.0,1.7,1.7,1.9,-6.1000004,-78.20513,343.0,498,0.18964433410644532,False,REGULAR,USD,put,2026-04-29,1.7999999999999998,0.959514747223745,0.00821917808219178,0.2440075729266498
SPXW260429P06880000,2026-04-24 19:56:19+00:00,6880.0,1.94,1.8,2.0,-7.2599998,-78.91305,466.0,593,0.18854571228027345,False,REGULAR,USD,put,2026-04-29,1.9,0.9602125761308168,0.00821917808219178,0.24270552833380862
SPXW260429P06885000,2026-04-24 20:01:04+00:00,6885.0,1.99,1.9,2.1,-7.21,-78.36957,370.0,439,0.18738605590820312,False,REGULAR,USD,put,2026-04-29,2.0,0.9609104050378886,0.00821917808219178,0.24128079514540965
SPXW260429P06890000,2026-04-24 20:03:52+00:00,6890.0,2.0,2.0,2.2,-8.1,-80.19802,143.0,213,0.18610433044433594,False,REGULAR,USD,put,2026-04-29,2.1,0.9616082339449604,0.00821917808219178,0.2397411584555016
SPXW260429P06895000,2026-04-24 20:08:02+00:00,6895.0,2.25,2.1,2.35,-8.55,-79.16667,578.0,432,0.18549398498535152,False,REGULAR,USD,put,2026-04-29,2.225,0.9623060628520322,0.00821917808219178,0.23858349320825292
SPXW260429P06900000,2026-04-24 20:13:35+00:00,6900.0,2.44,2.25,2.45,-7.06,-74.31579,525.0,888,0.18405967315673827,False,REGULAR,USD,put,2026-04-29,2.35,0.9630038917591041,0.00821917808219178,0.23728575624449788
SPXW260429P06905000,2026-04-24 20:03:52+00:00,6905.0,2.4,2.4,2.6,-8.16,-77.27273,159.0,203,0.18323570678710935,False,REGULAR,USD,put,2026-04-29,2.5,0.9637017206661759,0.00821917808219178,0.23630500457600898
SPXW260429P06910000,2026-04-24 20:09:02+00:00,6910.0,2.7,2.55,2.75,-7.0,-72.164955,192.0,246,0.18225915405273438,False,REGULAR,USD,put,2026-04-29,2.65,0.9643995495732476,0.00821917808219178,0.23516543477842813
SPXW260429P06915000,2026-04-24 20:03:52+00:00,6915.0,2.7,2.7,2.9,-9.8,-78.4,53.0,82,0.18122156677246093,False,REGULAR,USD,put,2026-04-29,2.8,0.9650973784803194,0.00821917808219178,0.23387864169873884
SPXW260429P06920000,2026-04-24 20:03:52+00:00,6920.0,2.9,2.85,3.1,-9.32,-76.26841,103.0,132,0.1806417385864258,False,REGULAR,USD,put,2026-04-29,2.975,0.9657952073873912,0.00821917808219178,0.23284667878975712
SPXW260429P06925000,2026-04-24 20:03:52+00:00,6925.0,3.1,3.0,3.3,-8.040001,-72.172356,553.0,3072,0.17992458267211914,False,REGULAR,USD,put,2026-04-29,3.15,0.966493036294463,0.00821917808219178,0.23165462994284422
SPXW260429P06930000,2026-04-24 20:00:57+00:00,6930.0,3.4,3.2,3.5,-9.0,-72.58065,150.0,171,0.17907009902954102,False,REGULAR,USD,put,2026-04-29,3.35,0.9671908652015349,0.00821917808219178,0.2306727602832612
SPXW260429P06935000,2026-04-24 20:11:20+00:00,6935.0,3.7,3.4,3.7,-9.2,-71.317825,176.0,134,0.17810880493164064,False,REGULAR,USD,put,2026-04-29,3.55,0.9678886941086067,0.00821917808219178,0.22952249985184542
SPXW260429P06940000,2026-04-24 19:56:14+00:00,6940.0,3.9,3.6,3.9,-9.709999,-71.3446,193.0,149,0.17701018310546873,False,REGULAR,USD,put,2026-04-29,3.75,0.9685865230156785,0.00821917808219178,0.2282158785847674
SPXW260429P06945000,2026-04-24 19:23:23+00:00,6945.0,5.27,3.9,4.1,-7.98,-60.226418,193.0,197,0.17582000946044923,False,REGULAR,USD,put,2026-04-29,4.0,0.9692843519227503,0.00821917808219178,0.22739452776960536
SPXW260429P06950000,2026-04-24 19:57:12+00:00,6950.0,4.2,4.1,4.4,-10.5,-71.42857,564.0,1258,0.17543854354858396,False,REGULAR,USD,put,2026-04-29,4.25,0.9699821808298221,0.00821917808219178,0.22638558039418602
SPXW260429P06955000,2026-04-24 19:59:08+00:00,6955.0,4.6,4.4,4.6,-10.799999,-70.12987,94.0,110,0.1740042317199707,False,REGULAR,USD,put,2026-04-29,4.5,0.970680009736894,0.00821917808219178,0.2252025467016905
SPXW260429P06960000,2026-04-24 20:06:41+00:00,6960.0,4.65,4.6,4.9,-11.550001,-71.296295,182.0,172,0.1733481103515625,False,REGULAR,USD,put,2026-04-29,4.75,0.9713778386439658,0.00821917808219178,0.2238568930395674
SPXW260429P06965000,2026-04-24 20:05:43+00:00,6965.0,5.1,5.0,5.2,-14.199999,-73.57513,66.0,75,0.1725241439819336,False,REGULAR,USD,put,2026-04-29,5.1,0.9720756675510376,0.00821917808219178,0.22342545153052842
SPXW260429P06970000,2026-04-24 19:52:36+00:00,6970.0,6.1,5.2,5.5,-10.02,-62.15881,219.0,873,0.1715781085205078,False,REGULAR,USD,put,2026-04-29,5.35,0.9727734964581094,0.00821917808219178,0.22174541568587283
SPXW260429P06975000,2026-04-24 19:49:30+00:00,6975.0,6.6,5.6,5.8,-11.799999,-64.13043,246.0,239,0.170479486694336,False,REGULAR,USD,put,2026-04-29,5.699999999999999,0.9734713253651812,0.00821917808219178,0.22091704681602903
SPXW260429P06980000,2026-04-24 19:55:17+00:00,6980.0,6.33,5.9,6.2,-12.719999,-66.77165,234.0,465,0.1700064689636231,False,REGULAR,USD,put,2026-04-29,6.050000000000001,0.974169154272253,0.00821917808219178,0.2198893715847969
SPXW260429P06985000,2026-04-24 20:06:09+00:00,6985.0,6.32,6.3,6.6,-13.68,-68.4,82.0,101,0.16935034759521483,False,REGULAR,USD,put,2026-04-29,6.449999999999999,0.9748669831793249,0.00821917808219178,0.21912894809352934
SPXW260429P06990000,2026-04-24 20:06:09+00:00,6990.0,6.67,6.6,7.0,-16.43,-71.12554,148.0,164,0.1685416398620606,False,REGULAR,USD,put,2026-04-29,6.8,0.9755648120863967,0.00821917808219178,0.21772405514546112
SPXW260429P06995000,2026-04-24 19:59:50+00:00,6995.0,7.57,7.0,7.4,-12.58,-62.431763,467.0,84,0.1675803457641602,False,REGULAR,USD,put,2026-04-29,7.2,0.9762626409934685,0.00821917808219178,0.2165754661406518
SPXW260429P07000000,2026-04-24 20:14:15+00:00,7000.0,8.0,7.6,7.8,-13.200001,-62.26415,932.0,1245,0.16648172393798832,False,REGULAR,USD,put,2026-04-29,7.699999999999999,0.9769604699005403,0.00821917808219178,0.2160513280044885
SPXW260429P07005000,2026-04-24 19:59:50+00:00,7005.0,8.48,7.9,8.2,-12.92,-60.373833,494.0,104,0.16524577438354493,False,REGULAR,USD,put,2026-04-29,8.05,0.9776582988076121,0.00821917808219178,0.21412485170607848
SPXW260429P07010000,2026-04-24 20:03:44+00:00,7010.0,8.7,8.4,8.7,-18.400002,-67.89668,106.0,197,0.16446758392333982,False,REGULAR,USD,put,2026-04-29,8.55,0.9783561277146839,0.00821917808219178,0.21319194088129134
SPXW260429P07015000,2026-04-24 19:55:17+00:00,7015.0,9.49,8.9,9.2,-15.23,-61.61003,211.0,119,0.1635368070983887,False,REGULAR,USD,put,2026-04-29,9.05,0.9790539566217558,0.00821917808219178,0.21205058303957686
SPXW260429P07020000,2026-04-24 20:13:39+00:00,7020.0,10.0,9.4,9.8,-15.959999,-61.4792,465.0,317,0.16297986686706545,False,REGULAR,USD,put,2026-04-29,9.600000000000001,0.9797517855288276,0.00821917808219178,0.2110637053403694
SPXW260429P07025000,2026-04-24 20:13:51+00:00,7025.0,10.7,10.0,10.3,-16.330002,-60.41436,407.0,411,0.16173628799438478,False,REGULAR,USD,put,2026-04-29,10.15,0.9804496144358994,0.00821917808219178,0.20986642351226398
SPXW260429P07030000,2026-04-24 20:06:41+00:00,7030.0,10.65,10.5,10.9,-18.49,-63.452297,353.0,290,0.16085128707885743,False,REGULAR,USD,put,2026-04-29,10.7,0.9811474433429712,0.00821917808219178,0.2084697637025194
SPXW260429P07035000,2026-04-24 20:09:31+00:00,7035.0,11.64,11.1,11.5,-21.260002,-64.62006,301.0,135,0.15981369979858395,False,REGULAR,USD,put,2026-04-29,11.3,0.981845272250043,0.00821917808219178,0.20720102777247829
SPXW260429P07040000,2026-04-24 20:14:30+00:00,7040.0,12.38,11.8,12.1,-16.96,-57.805042,209.0,140,0.15861589683532715,False,REGULAR,USD,put,2026-04-29,11.95,0.9825431011571149,0.00821917808219178,0.20603893989673405
SPXW260429P07045000,2026-04-24 20:04:10+00:00,7045.0,12.92,12.4,12.8,-18.87,-59.358288,163.0,122,0.1577308959197998,False,REGULAR,USD,put,2026-04-29,12.600000000000001,0.9832409300641867,0.00821917808219178,0.20466509625714874
SPXW260429P07050000,2026-04-24 20:13:20+00:00,7050.0,13.95,13.1,13.5,-22.689999,-61.926853,963.0,362,0.15667042068481446,False,REGULAR,USD,put,2026-04-29,13.3,0.9839387589712585,0.00821917808219178,0.20337855783661968
SPXW260429P07055000,2026-04-24 20:14:57+00:00,7055.0,14.67,13.8,14.2,-23.37,-61.43533,318.0,133,0.155457359085083,False,REGULAR,USD,put,2026-04-29,14.0,0.9846365878783303,0.00821917808219178,0.20188023088655993
SPXW260429P07060000,2026-04-24 20:14:57+00:00,7060.0,15.42,14.6,15.0,-24.78,-61.641796,223.0,104,0.15450369430541994,False,REGULAR,USD,put,2026-04-29,14.8,0.9853344167854021,0.00821917808219178,0.20072596030222123
SPXW260429P07065000,2026-04-24 19:55:17+00:00,7065.0,16.23,15.4,15.8,-26.82,-62.299652,1225.0,69,0.15337455520629883,False,REGULAR,USD,put,2026-04-29,15.600000000000001,0.9860322456924739,0.00821917808219178,0.1993448884043809
SPXW260429P07070000,2026-04-24 20:11:30+00:00,7070.0,17.18,16.2,16.6,-26.02,-60.231483,175.0,99,0.15207757110595704,False,REGULAR,USD,put,2026-04-29,16.4,0.9867300745995456,0.00821917808219178,0.19774475640544184
SPXW260429P07075000,2026-04-24 19:53:21+00:00,7075.0,18.87,17.2,17.5,-20.429998,-51.984726,508.0,313,0.15100946655273442,False,REGULAR,USD,put,2026-04-29,17.35,0.9874279035066175,0.00821917808219178,0.19669117573971687
SPXW260429P07080000,2026-04-24 19:56:17+00:00,7080.0,18.5,18.0,18.4,-24.7,-57.17593,203.0,97,0.14975825836181644,False,REGULAR,USD,put,2026-04-29,18.2,0.9881257324136893,0.00821917808219178,0.19489999869571148
SPXW260429P07085000,2026-04-24 19:57:10+00:00,7085.0,19.5,19.0,19.4,-23.419998,-54.566635,114.0,72,0.14870541244506835,False,REGULAR,USD,put,2026-04-29,19.2,0.9888235613207611,0.00821917808219178,0.1936180912465678
SPXW260429P07090000,2026-04-24 19:57:10+00:00,7090.0,20.5,20.0,20.4,-28.740002,-58.36718,146.0,97,0.1474618335723877,False,REGULAR,USD,put,2026-04-29,20.2,0.9895213902278329,0.00821917808219178,0.19209386234163991
SPXW260429P07095000,2026-04-24 20:14:54+00:00,7095.0,22.06,21.1,21.5,-30.539999,-58.060837,428.0,98,0.146393729019165,False,REGULAR,USD,put,2026-04-29,21.3,0.9902192191349047,0.00821917808219178,0.1907933758029001
SPXW260429P07100000,2026-04-24 20:14:33+00:00,7100.0,23.0,22.2,22.6,-29.740002,-56.38984,940.0,437,0.1451272621917725,False,REGULAR,USD,put,2026-04-29,22.4,0.9909170480419766,0.00821917808219178,0.18924166708643464
SPXW260429P07105000,2026-04-24 20:07:06+00:00,7105.0,23.9,23.3,23.8,-26.9,-52.952755,79.0,64,0.14401338172912595,False,REGULAR,USD,put,2026-04-29,23.55,0.9916148769490484,0.00821917808219178,0.18766411547595974
SPXW260429P07110000,2026-04-24 19:45:10+00:00,7110.0,26.8,24.6,25.0,-26.5,-49.718575,129.0,132,0.1426935096740723,False,REGULAR,USD,put,2026-04-29,24.8,0.9923127058561202,0.00821917808219178,0.1862684021395666
SPXW260429P07115000,2026-04-24 19:55:05+00:00,7115.0,26.43,25.9,26.3,-33.61,-55.979347,125.0,123,0.14150333602905274,False,REGULAR,USD,put,2026-04-29,26.1,0.993010534763192,0.00821917808219178,0.18482103858149151
SPXW260429P07120000,2026-04-24 19:56:02+00:00,7120.0,28.14,27.2,27.7,-34.86,-55.333336,982.0,888,0.14042760215759278,False,REGULAR,USD,put,2026-04-29,27.45,0.9937083636702638,0.00821917808219178,0.18331458689054234
SPXW260429P07125000,2026-04-24 20:14:08+00:00,7125.0,30.2,28.6,29.1,-28.689999,-48.717945,389.0,303,0.139130618057251,False,REGULAR,USD,put,2026-04-29,28.85,0.9944061925773356,0.00821917808219178,0.18174097604670836
SPXW260429P07130000,2026-04-24 20:07:10+00:00,7130.0,32.05,30.1,30.6,-31.530003,-49.591072,321.0,223,0.13793281509399413,False,REGULAR,USD,put,2026-04-29,30.35,0.9951040214844075,0.00821917808219178,0.18029596313456744
SPXW260429P07135000,2026-04-24 20:11:00+00:00,7135.0,33.6,31.7,32.2,-38.510002,-53.404522,90.0,86,0.1368189346313477,False,REGULAR,USD,put,2026-04-29,31.950000000000003,0.9958018503914793,0.00821917808219178,0.17896399371404076
SPXW260429P07140000,2026-04-24 20:14:54+00:00,7140.0,34.59,33.3,33.8,-54.41,-61.134834,87.0,44,0.13546854530334476,False,REGULAR,USD,put,2026-04-29,33.55,0.9964996792985511,0.00821917808219178,0.17733346598325322
SPXW260429P07145000,2026-04-24 18:59:47+00:00,7145.0,38.7,35.0,35.5,-18.399998,-32.224167,56.0,15,0.13418681983947753,False,REGULAR,USD,put,2026-04-29,35.25,0.9971975082056229,0.00821917808219178,0.17579725952163705
SPXW260429P07150000,2026-04-24 20:11:35+00:00,7150.0,38.6,36.7,37.3,-36.200005,-48.395725,353.0,314,0.1329661289215088,False,REGULAR,USD,put,2026-04-29,37.0,0.9978953371126947,0.00821917808219178,0.1741467149095241
SPXW260429P07155000,2026-04-24 20:04:49+00:00,7155.0,39.39,38.6,39.1,-37.71,-48.910503,108.0,33,0.13149367050170896,False,REGULAR,USD,put,2026-04-29,38.85,0.9985931660197666,0.00821917808219178,0.17256798116184022
SPXW260429P07160000,2026-04-24 20:10:39+00:00,7160.0,42.4,40.5,41.1,-39.699997,-48.35566,187.0,17,0.13036453140258786,False,REGULAR,USD,put,2026-04-29,40.8,0.9992909949268384,0.00821917808219178,0.1710494473977765
SPXW260429P07170000,2026-04-24 20:14:36+00:00,7170.0,46.0,44.6,45.2,-35.93,-43.85451,85.0,78,0.12758745956420897,True,REGULAR,USD,put,2026-04-29,44.900000000000006,1.000686652740982,0.00821917808219178,0.16776660466730386
SPXW260429P07175000,2026-04-24 19:53:10+00:00,7175.0,50.26,46.8,47.4,-15.740002,-23.848488,36.0,17,0.12622944091796873,True,REGULAR,USD,put,2026-04-29,47.099999999999994,1.0013844816480537,0.00821917808219178,0.16617597842727322
SPXW260429P07180000,2026-04-24 20:14:54+00:00,7180.0,50.87,49.1,49.6,-21.829998,-30.027508,30.0,18,0.12458150817871094,True,REGULAR,USD,put,2026-04-29,49.35,1.0020823105551255,0.00821917808219178,0.16441294327759204
SPXW260429P07200000,2026-04-24 19:59:09+00:00,7200.0,61.0,59.2,59.7,-24.0,-28.235296,24.0,12,0.1187794116592407,True,REGULAR,USD,put,2026-04-29,59.45,1.0048736261834128,0.00821917808219178,0.15778402440333109
SPXW260504C06620000,2026-04-21 16:48:21+00:00,6620.0,484.99,547.2,553.7,0.0,0.0,41.0,50,0.3040993663024902,True,REGULAR,USD,call,2026-05-04,550.45,0.9239254729630824,0.021917808219178082,0.19388500784975343
SPXW260504C06630000,2026-04-21 13:55:53+00:00,6630.0,516.09,537.3,543.8,0.0,0.0,40.0,61,0.3002236726379394,True,REGULAR,USD,call,2026-05-04,540.55,0.925321130777226,0.021917808219178082,0.19956138198993056
SPXW260504C06800000,2026-04-24 19:44:37+00:00,6800.0,372.93,372.9,375.3,52.289978,16.308,33.0,527,0.2293396768951416,True,REGULAR,USD,call,2026-05-04,374.1,0.9490473136176677,0.021917808219178082,0.20757863969663568
SPXW260504C06840000,2026-04-24 16:46:02+00:00,6840.0,330.67,333.0,339.1,37.100006,12.637533,27.0,20,0.22837838279724124,True,REGULAR,USD,call,2026-05-04,336.05,0.9546299448742422,0.021917808219178082,0.20590660800438498
SPXW260504C06850000,2026-04-24 19:53:05+00:00,6850.0,322.52,325.3,327.7,80.78999,33.421585,13.0,195,0.21666737930297852,True,REGULAR,USD,call,2026-05-04,326.5,0.9560256026883859,0.021917808219178082,0.204303111923622
SPXW260504C06880000,2026-04-23 18:17:40+00:00,6880.0,254.33,297.3,299.8,0.0,0.0,60.0,242,0.21038845039367673,True,REGULAR,USD,call,2026-05-04,298.55,0.9602125761308168,0.021917808219178082,0.20251841928379688
SPXW260504C06900000,2026-04-24 19:43:59+00:00,6900.0,279.05,278.8,281.4,46.90999,20.207628,39.0,578,0.206138920135498,True,REGULAR,USD,call,2026-05-04,280.1,0.9630038917591041,0.021917808219178082,0.2006126089221567
SPXW260504C06905000,2026-04-21 18:54:45+00:00,6905.0,219.09,272.5,278.6,0.0,0.0,10.0,17,0.2118456501770019,True,REGULAR,USD,call,2026-05-04,275.55,0.9637017206661759,0.021917808219178082,0.20026146940420927
SPXW260504C06920000,2026-04-24 19:13:44+00:00,6920.0,264.8,259.0,264.9,42.669983,19.209463,10.0,73,0.2080843962860107,True,REGULAR,USD,call,2026-05-04,261.95,0.9657952073873912,0.021917808219178082,0.19890237985638087
SPXW260504C06940000,2026-04-24 16:46:02+00:00,6940.0,239.55,241.2,246.9,26.0,12.175135,25.0,67,0.20336947761535643,True,REGULAR,USD,call,2026-05-04,244.05,0.9685865230156785,0.021917808219178082,0.19694020178766808
SPXW260504C06950000,2026-04-24 19:58:31+00:00,6950.0,236.77,233.8,236.3,45.430008,23.74308,60.0,355,0.1954273573303223,True,REGULAR,USD,call,2026-05-04,235.05,0.9699821808298221,0.021917808219178082,0.1952151332885614
SPXW260504C06980000,2026-04-24 16:16:52+00:00,6980.0,205.16,206.3,211.8,53.180008,34.99145,12.0,47,0.1943668820953369,True,REGULAR,USD,call,2026-05-04,209.05,0.974169154272253,0.021917808219178082,0.1920888734629561
SPXW260504C07000000,2026-04-24 19:04:27+00:00,7000.0,190.2,190.9,193.2,59.569992,45.602074,53.0,536,0.1855931661224365,True,REGULAR,USD,call,2026-05-04,192.05,0.9769604699005403,0.021917808219178082,0.1893864689780117
SPXW260504C07025000,2026-04-24 19:57:46+00:00,7025.0,172.01,170.2,172.4,38.22,28.56716,23.0,197,0.18040141506195068,True,REGULAR,USD,call,2026-05-04,171.3,0.9804496144358994,0.021917808219178082,0.18562469597528847
SPXW260504C07030000,2026-04-24 19:04:39+00:00,7030.0,165.4,164.8,170.1,16.619995,11.170853,10.0,71,0.1840100825881958,True,REGULAR,USD,call,2026-05-04,167.45,0.9811474433429712,0.021917808219178082,0.1855281080452631
SPXW260504C07050000,2026-04-24 19:58:27+00:00,7050.0,153.01,150.3,152.6,39.819992,35.17978,96.0,495,0.17601837173461915,True,REGULAR,USD,call,2026-05-04,151.45,0.9839387589712585,0.021917808219178082,0.18225360091642318
SPXW260504C07055000,2026-04-24 20:10:17+00:00,7055.0,145.45,144.9,150.2,30.75,26.809067,52.0,64,0.17873059436798094,True,REGULAR,USD,call,2026-05-04,147.55,0.9846365878783303,0.021917808219178082,0.18148221098492553
SPXW260504C07070000,2026-04-24 20:04:38+00:00,7070.0,135.23,133.7,138.4,31.029999,29.77927,16.0,91,0.17501511638641354,True,REGULAR,USD,call,2026-05-04,136.05,0.9867300745995456,0.021917808219178082,0.1791180284010263
SPXW260504C07075000,2026-04-24 19:59:56+00:00,7075.0,131.6,131.6,132.4,32.660004,33.009907,19.0,441,0.16877051940917973,True,REGULAR,USD,call,2026-05-04,132.0,0.9874279035066175,0.021917808219178082,0.17753787032023205
SPXW260504C07080000,2026-04-24 18:59:29+00:00,7080.0,125.32,127.8,128.7,28.32,29.195875,15.0,43,0.16789696247100833,True,REGULAR,USD,call,2026-05-04,128.25,0.9881257324136893,0.021917808219178082,0.17667530670434636
SPXW260504C07085000,2026-04-24 18:56:03+00:00,7085.0,121.11,124.1,125.0,40.89,50.972324,29.0,26,0.1669318537139893,True,REGULAR,USD,call,2026-05-04,124.55,0.9888235613207611,0.021917808219178082,0.17583967192868905
SPXW260504C07095000,2026-04-24 18:35:04+00:00,7095.0,113.59,116.8,117.7,27.64,32.158234,22.0,39,0.16497111892700195,True,REGULAR,USD,call,2026-05-04,117.25,0.9902192191349047,0.021917808219178082,0.17410593997786944
SPXW260504C07100000,2026-04-24 19:59:02+00:00,7100.0,114.6,113.2,114.1,36.35,46.453674,190.0,620,0.1639678635787964,True,REGULAR,USD,call,2026-05-04,113.65,0.9909170480419766,0.021917808219178082,0.17320396704205113
SPXW260504C07105000,2026-04-24 19:11:42+00:00,7105.0,111.71,109.7,110.6,32.049995,40.233482,54.0,107,0.16309430664062502,True,REGULAR,USD,call,2026-05-04,110.15,0.9916148769490484,0.021917808219178082,0.17244492877862333
SPXW260504C07110000,2026-04-24 19:33:58+00:00,7110.0,105.49,106.2,107.0,27.489998,35.243587,73.0,70,0.16190413299560547,True,REGULAR,USD,call,2026-05-04,106.6,0.9923127058561202,0.021917808219178082,0.17144584530321108
SPXW260504C07115000,2026-04-24 18:28:38+00:00,7115.0,98.2,102.7,103.6,23.449997,31.371233,28.0,62,0.16106109333038332,True,REGULAR,USD,call,2026-05-04,103.15,0.993010534763192,0.021917808219178082,0.1705830958688006
SPXW260504C07120000,2026-04-24 17:01:22+00:00,7120.0,99.41,99.3,100.2,27.340004,37.935345,27.0,158,0.16011887252807616,True,REGULAR,USD,call,2026-05-04,99.75,0.9937083636702638,0.021917808219178082,0.16972796529050715
SPXW260504C07125000,2026-04-24 19:59:12+00:00,7125.0,96.06,95.9,96.8,25.64,36.41011,110.0,489,0.1590774705886841,True,REGULAR,USD,call,2026-05-04,96.35,0.9944061925773356,0.021917808219178082,0.1687549618857257
SPXW260504C07130000,2026-04-24 19:27:19+00:00,7130.0,91.39,92.6,93.4,26.849998,41.602104,93.0,237,0.15793307285308839,True,REGULAR,USD,call,2026-05-04,93.0,0.9951040214844075,0.021917808219178082,0.16778541527957694
SPXW260504C07135000,2026-04-24 19:27:51+00:00,7135.0,88.6,89.3,90.1,25.939999,41.398018,32.0,40,0.1569069295501709,True,REGULAR,USD,call,2026-05-04,89.69999999999999,0.9958018503914793,0.021917808219178082,0.16681681689603162
SPXW260504C07140000,2026-04-24 19:23:07+00:00,7140.0,86.88,86.0,86.9,24.879997,40.12903,45.0,301,0.15598378204345703,True,REGULAR,USD,call,2026-05-04,86.45,0.9964996792985511,0.021917808219178082,0.1658463870448887
SPXW260504C07145000,2026-04-24 19:52:30+00:00,7145.0,82.29,82.8,83.7,24.89,43.362366,48.0,67,0.15495763874053958,True,REGULAR,USD,call,2026-05-04,83.25,0.9971975082056229,0.021917808219178082,0.16487149825330047
SPXW260504C07150000,2026-04-24 19:58:44+00:00,7150.0,81.61,79.6,80.5,26.029999,46.83339,240.0,889,0.15382468498229981,True,REGULAR,USD,call,2026-05-04,80.05,0.9978953371126947,0.021917808219178082,0.1637703981310942
SPXW260504C07155000,2026-04-24 20:05:01+00:00,7155.0,76.86,76.5,77.4,23.690002,44.555206,57.0,25,0.15279091236114506,True,REGULAR,USD,call,2026-05-04,76.95,0.9985931660197666,0.021917808219178082,0.1627792992329616
SPXW260504C07160000,2026-04-24 20:09:43+00:00,7160.0,72.75,73.5,74.4,21.330002,41.48192,280.0,226,0.1518563208770752,True,REGULAR,USD,call,2026-05-04,73.95,0.9992909949268384,0.021917808219178082,0.1618945004544431
SPXW260504C07170000,2026-04-24 19:58:43+00:00,7170.0,69.55,67.5,68.4,23.870003,52.25482,74.0,41,0.14964000392913818,False,REGULAR,USD,call,2026-05-04,67.95,1.000686652740982,0.021917808219178082,0.15972287788436668
SPXW260504C07175000,2026-04-24 20:07:02+00:00,7175.0,64.77,64.6,65.5,22.649998,53.77492,143.0,453,0.1485680847167969,False,REGULAR,USD,call,2026-05-04,65.05,1.0013844816480537,0.021917808219178082,0.15866788812487354
SPXW260504C07180000,2026-04-24 20:05:48+00:00,7180.0,62.62,61.8,62.7,22.52,56.159603,132.0,92,0.14758390266418459,False,REGULAR,USD,call,2026-05-04,62.25,1.0020823105551255,0.021917808219178082,0.1577089294062568
SPXW260504C07185000,2026-04-24 20:02:14+00:00,7185.0,59.12,59.0,59.9,18.759998,46.48166,40.0,32,0.14647383686065674,False,REGULAR,USD,call,2026-05-04,59.45,1.0027801394621974,0.021917808219178082,0.15660685462492913
SPXW260504C07190000,2026-04-24 19:49:14+00:00,7190.0,57.7,56.3,57.2,20.030003,53.172295,115.0,112,0.14545150821685793,False,REGULAR,USD,call,2026-05-04,56.75,1.0034779683692692,0.021917808219178082,0.15559594446891828
SPXW260504C07195000,2026-04-24 19:45:21+00:00,7195.0,53.36,53.6,54.5,16.470001,44.646248,38.0,74,0.14429566650390624,False,REGULAR,USD,call,2026-05-04,54.05,1.004175797276341,0.021917808219178082,0.15443617972242882
SPXW260504C07200000,2026-04-24 20:07:28+00:00,7200.0,50.85,51.0,51.9,16.849998,49.55882,582.0,1661,0.1432275619506836,False,REGULAR,USD,call,2026-05-04,51.45,1.0048736261834128,0.021917808219178082,0.15336287702059326
SPXW260504C07210000,2026-04-24 20:02:19+00:00,7210.0,46.49,46.0,46.9,17.510002,60.42099,351.0,113,0.14110279682159427,False,REGULAR,USD,call,2026-05-04,46.45,1.0062692839975564,0.021917808219178082,0.15122938502032074
SPXW260504C07220000,2026-04-24 20:12:11+00:00,7220.0,40.74,41.2,42.1,14.040001,52.584274,132.0,88,0.13885214794158934,False,REGULAR,USD,call,2026-05-04,41.650000000000006,1.0076649418117,0.021917808219178082,0.14893512996598074
SPXW260504C07225000,2026-04-24 20:10:28+00:00,7225.0,38.9,39.0,39.8,14.230001,57.6814,552.0,559,0.1377268235015869,False,REGULAR,USD,call,2026-05-04,39.4,1.008362770718772,0.021917808219178082,0.1479072112203634
SPXW260504C07230000,2026-04-24 19:52:30+00:00,7230.0,36.79,36.8,37.6,13.59,58.577583,57.0,120,0.13667397758483887,False,REGULAR,USD,call,2026-05-04,37.2,1.0090605996258437,0.021917808219178082,0.14683314439842812
SPXW260504C07240000,2026-04-24 19:35:29+00:00,7240.0,32.2,32.6,33.4,12.050001,59.801495,44.0,45,0.13456447109222414,False,REGULAR,USD,call,2026-05-04,33.0,1.0104562574399873,0.021917808219178082,0.14466447658178494
SPXW260504C07250000,2026-04-24 20:09:01+00:00,7250.0,28.88,28.7,29.5,11.08,62.247192,445.0,1478,0.13251599914550782,False,REGULAR,USD,call,2026-05-04,29.1,1.011851915254131,0.021917808219178082,0.1425476461737154
SPXW260504C07260000,2026-04-24 19:57:02+00:00,7260.0,25.97,25.1,25.9,11.759999,82.75862,245.0,115,0.1305285617446899,False,REGULAR,USD,call,2026-05-04,25.5,1.0132475730682746,0.021917808219178082,0.14048159194135484
SPXW260504C07270000,2026-04-24 20:02:19+00:00,7270.0,22.32,21.8,22.6,8.349999,59.77093,271.0,318,0.12860978820800778,False,REGULAR,USD,call,2026-05-04,22.200000000000003,1.0146432308824183,0.021917808219178082,0.13847297899474334
SPXW260504C07275000,2026-04-24 20:12:58+00:00,7275.0,20.07,20.3,21.0,7.7799997,63.303493,333.0,275,0.12751116638183596,False,REGULAR,USD,call,2026-05-04,20.65,1.01534105978949,0.021917808219178082,0.13745633735082233
SPXW260504C07280000,2026-04-24 20:12:58+00:00,7280.0,18.67,18.8,19.5,6.3199997,51.174088,170.0,43,0.1264964670562744,False,REGULAR,USD,call,2026-05-04,19.15,1.016038888696562,0.021917808219178082,0.13638041552794103
SPXW260504C07290000,2026-04-24 20:11:55+00:00,7290.0,16.1,16.1,16.8,6.120001,61.32266,53.0,95,0.12474935317993163,False,REGULAR,USD,call,2026-05-04,16.450000000000003,1.0174345465107055,0.021917808219178082,0.13453015257239287
SPXW260504C07300000,2026-04-24 19:58:47+00:00,7300.0,14.55,13.6,14.3,6.21,74.46043,568.0,385,0.12282676498413087,False,REGULAR,USD,call,2026-05-04,13.95,1.0188302043248492,0.021917808219178082,0.13246190078285183
SPXW260504C07325000,2026-04-24 20:13:52+00:00,7325.0,8.82,8.7,9.3,3.8599997,77.82257,157.0,457,0.11860775199890136,False,REGULAR,USD,call,2026-05-04,9.0,1.0223193488602083,0.021917808219178082,0.12804058587537298
SPXW260504C07350000,2026-04-24 19:56:14+00:00,7350.0,5.41,5.2,5.8,2.7099998,100.37036,182.0,304,0.11504486038208009,False,REGULAR,USD,call,2026-05-04,5.5,1.0258084933955673,0.021917808219178082,0.12397827252999419
SPXW260504C07375000,2026-04-24 20:11:09+00:00,7375.0,3.2,3.0,3.6,1.75,120.68965,289.0,163,0.11296968582153322,False,REGULAR,USD,call,2026-05-04,3.3,1.0292976379309264,0.021917808219178082,0.12131127614869583
SPXW260504C07400000,2026-04-24 20:13:06+00:00,7400.0,1.85,1.7,2.3,0.8000001,76.19048,313.0,259,0.11258821990966797,False,REGULAR,USD,call,2026-05-04,2.0,1.0327867824662855,0.021917808219178082,0.12019896912763993
SPXW260504C07425000,2026-04-24 19:58:54+00:00,7425.0,1.0,1.05,1.5,0.35000002,53.846157,130.0,153,0.1131375308227539,False,REGULAR,USD,call,2026-05-04,1.275,1.0362759270016446,0.021917808219178082,0.12088157289368658
SPXW260504C07450000,2026-04-24 19:57:14+00:00,7450.0,0.55,0.65,1.15,0.050000012,10.000002,215.0,388,0.11686063812255859,False,REGULAR,USD,call,2026-05-04,0.8999999999999999,1.0397650715370037,0.021917808219178082,0.12373350181107111
SPXW260504C07475000,2026-04-24 19:57:00+00:00,7475.0,0.4,0.4,0.85,0.0,0.0,212.0,407,0.11979029632568358,False,REGULAR,USD,call,2026-05-04,0.625,1.0432542160723626,0.021917808219178082,0.12624969222336796
SPXW260504C07500000,2026-04-24 19:59:13+00:00,7500.0,0.3,0.3,0.75,0.10000001,50.000008,122.0,154,0.1255885781860352,False,REGULAR,USD,call,2026-05-04,0.525,1.0467433606077217,0.021917808219178082,0.1318924806566004
SPXW260504P05750000,2026-04-24 16:12:22+00:00,5750.0,0.22,0.15,0.35,-0.16,-42.105263,10.0,31,0.47070841796875,False,REGULAR,USD,put,2026-05-04,0.25,0.8025032431325867,0.021917808219178082,0.5116853659216649
SPXW260504P05800000,2026-04-24 19:47:20+00:00,5800.0,0.25,0.15,0.35,-0.25,-50.0,10.0,549,0.45361874511718747,False,REGULAR,USD,put,2026-05-04,0.25,0.8094815322033048,0.021917808219178082,0.4932093337109622
SPXW260504P05850000,2026-04-24 16:50:31+00:00,5850.0,0.3,0.15,0.4,-0.5,-62.5,97.0,10091,0.442388388671875,False,REGULAR,USD,put,2026-05-04,0.275,0.816459821274023,0.021917808219178082,0.47902307151714046
SPXW260504P05950000,2026-04-24 19:23:28+00:00,5950.0,0.32,0.2,0.45,-0.48000002,-60.000004,10.0,136,0.41345801391601555,False,REGULAR,USD,put,2026-05-04,0.325,0.8304163994154593,0.021917808219178082,0.44940607089540197
SPXW260504P06000000,2026-04-24 19:23:28+00:00,6000.0,0.37,0.2,0.5,-0.48000002,-56.470592,1417.0,448,0.4008848974609375,False,REGULAR,USD,put,2026-05-04,0.35,0.8373946884861774,0.021917808219178082,0.43408787936620147
SPXW260504P06025000,2026-04-23 19:19:11+00:00,6025.0,0.7,0.2,0.5,0.0,0.0,123.0,227,0.39234006103515623,False,REGULAR,USD,put,2026-05-04,0.35,0.8408838330215365,0.021917808219178082,0.42485390789924365
SPXW260504P06050000,2026-04-24 14:37:21+00:00,6050.0,0.5,0.2,0.5,-0.25,-33.333336,14.0,409,0.383795224609375,False,REGULAR,USD,put,2026-05-04,0.35,0.8443729775568956,0.021917808219178082,0.4156436472815684
SPXW260504P06100000,2026-04-23 18:13:24+00:00,6100.0,0.95,0.25,0.55,0.0,0.0,78.0,582,0.3706117626953125,False,REGULAR,USD,put,2026-05-04,0.4,0.8513512666276137,0.021917808219178082,0.4026296798870436
SPXW260504P06150000,2026-04-24 19:23:00+00:00,6150.0,0.55,0.3,0.65,-0.39999998,-42.10526,39.0,209,0.3601138208007812,False,REGULAR,USD,put,2026-05-04,0.475,0.8583295556983318,0.021917808219178082,0.39102641558035844
SPXW260504P06175000,2026-04-24 14:46:43+00:00,6175.0,0.67,0.35,0.65,-0.67,-50.0,10.0,178,0.35144691528320304,False,REGULAR,USD,put,2026-05-04,0.5,0.8618187002336909,0.021917808219178082,0.3837520326958795
SPXW260504P06200000,2026-04-24 18:31:51+00:00,6200.0,0.65,0.35,0.7,-0.5500001,-45.833336,20.0,218,0.34570966796874997,False,REGULAR,USD,put,2026-05-04,0.5249999999999999,0.86530784476905,0.021917808219178082,0.37633994322509845
SPXW260504P06225000,2026-04-24 17:11:18+00:00,6225.0,0.7,0.4,0.75,-0.96,-57.83132,14.0,95,0.3397282824707031,False,REGULAR,USD,put,2026-05-04,0.575,0.8687969893044091,0.021917808219178082,0.3705873449365096
SPXW260504P06230000,2026-04-20 15:48:19+00:00,6230.0,2.55,0.4,0.75,0.0,0.0,52.0,71,0.33801931518554684,False,REGULAR,USD,put,2026-05-04,0.575,0.8694948182114809,0.021917808219178082,0.36869688669280637
SPXW260504P06240000,2026-04-20 14:10:20+00:00,6240.0,2.53,0.4,0.75,0.0,0.0,10.0,91,0.33460138061523437,False,REGULAR,USD,put,2026-05-04,0.575,0.8708904760256245,0.021917808219178082,0.3649171682246433
SPXW260504P06250000,2026-04-24 19:56:57+00:00,6250.0,0.47,0.4,0.75,-0.85,-64.393936,58.0,558,0.331061376953125,False,REGULAR,USD,put,2026-05-04,0.575,0.8722861338397682,0.021917808219178082,0.3611402766260696
SPXW260504P06260000,2026-04-24 19:33:44+00:00,6260.0,0.65,0.45,0.8,-2.15,-76.78572,37.0,46,0.33008482421874996,False,REGULAR,USD,put,2026-05-04,0.625,0.8736817916539118,0.021917808219178082,0.36067803096963535
SPXW260504P06275000,2026-04-23 18:37:06+00:00,6275.0,1.5,0.45,0.8,0.0,0.0,26.0,184,0.32483585327148434,False,REGULAR,USD,put,2026-05-04,0.625,0.8757752783751271,0.021917808219178082,0.3549783970916046
SPXW260504P06280000,2026-04-24 13:24:14+00:00,6280.0,1.0,0.5,0.8,-1.94,-65.9864,100.0,19,0.323126885986328,False,REGULAR,USD,put,2026-05-04,0.65,0.876473107282199,0.021917808219178082,0.35463688116748804
SPXW260504P06290000,2026-04-22 19:10:48+00:00,6290.0,1.77,0.5,0.85,0.0,0.0,10.0,70,0.3219061950683593,False,REGULAR,USD,put,2026-05-04,0.675,0.8778687650963426,0.021917808219178082,0.35232899585203376
SPXW260504P06300000,2026-04-24 19:54:49+00:00,6300.0,0.59,0.5,0.85,-2.6100001,-81.5625,37.0,487,0.31842722595214834,False,REGULAR,USD,put,2026-05-04,0.675,0.8792644229104862,0.021917808219178082,0.3485088994749532
SPXW260504P06310000,2026-04-20 16:00:58+00:00,6310.0,3.1,0.5,0.85,0.0,0.0,48.0,53,0.3149482568359374,False,REGULAR,USD,put,2026-05-04,0.675,0.8806600807246299,0.021917808219178082,0.3446910950013913
SPXW260504P06320000,2026-04-24 15:44:28+00:00,6320.0,1.0,0.55,0.9,-0.65,-39.393936,100.0,51,0.3136054968261719,False,REGULAR,USD,put,2026-05-04,0.7250000000000001,0.8820557385387735,0.021917808219178082,0.3436855040370078
SPXW260504P06325000,2026-04-24 19:45:09+00:00,6325.0,0.73,0.55,0.9,-0.76,-51.00671,109.0,87,0.3118354949951171,False,REGULAR,USD,put,2026-05-04,0.7250000000000001,0.8827535674458453,0.021917808219178082,0.3417657510229503
SPXW260504P06330000,2026-04-24 15:26:33+00:00,6330.0,1.0,0.55,0.9,-0.47000003,-31.97279,100.0,26,0.3100654931640625,False,REGULAR,USD,put,2026-05-04,0.7250000000000001,0.8834513963529171,0.021917808219178082,0.3398466978690068
SPXW260504P06340000,2026-04-24 17:16:16+00:00,6340.0,0.92,0.6,0.95,-1.9299998,-67.71929,102.0,58,0.3086006640625,False,REGULAR,USD,put,2026-05-04,0.7749999999999999,0.8848470541670608,0.021917808219178082,0.33863577672162654
SPXW260504P06350000,2026-04-24 19:54:36+00:00,6350.0,0.65,0.6,0.95,-0.9200001,-58.59873,211.0,530,0.3050606604003906,False,REGULAR,USD,put,2026-05-04,0.7749999999999999,0.8862427119812044,0.021917808219178082,0.33477639963419503
SPXW260504P06375000,2026-04-24 17:04:52+00:00,6375.0,0.99,0.65,1.0,-0.97,-49.489796,27.0,202,0.2981637567138671,False,REGULAR,USD,put,2026-05-04,0.825,0.8897318565165635,0.021917808219178082,0.3275639002540043
SPXW260504P06390000,2026-04-23 17:45:03+00:00,6390.0,4.4,0.65,1.05,0.0,0.0,12.0,50,0.2946237530517578,False,REGULAR,USD,put,2026-05-04,0.8500000000000001,0.891825343237779,0.021917808219178082,0.32290855592155426
SPXW260504P06400000,2026-04-24 19:46:31+00:00,6400.0,0.87,0.7,1.05,-1.06,-54.922276,65.0,295,0.2910837493896483,False,REGULAR,USD,put,2026-05-04,0.875,0.8932210010519226,0.021917808219178082,0.3201466296993289
SPXW260504P06420000,2026-04-23 09:29:44+00:00,6420.0,3.0,0.7,1.1,0.0,0.0,12.0,14,0.28565167480468745,False,REGULAR,USD,put,2026-05-04,0.9,0.8960123166802099,0.021917808219178082,0.31343879176063727
SPXW260504P06425000,2026-04-23 18:50:45+00:00,6425.0,2.4,0.75,1.1,0.0,0.0,13.0,79,0.28388167297363276,False,REGULAR,USD,put,2026-05-04,0.925,0.8967101455872817,0.021917808219178082,0.31254039050416166
SPXW260504P06450000,2026-04-24 19:56:57+00:00,6450.0,0.84,0.8,1.2,-1.26,-60.000004,234.0,667,0.27808339111328123,False,REGULAR,USD,put,2026-05-04,1.0,0.9001992901226407,0.021917808219178082,0.30573020060607775
SPXW260504P06475000,2026-04-23 17:07:32+00:00,6475.0,2.99,0.85,1.25,0.0,0.0,12.0,247,0.27057614196777346,False,REGULAR,USD,put,2026-05-04,1.05,0.9036884346579998,0.021917808219178082,0.29772653602048976
SPXW260504P06500000,2026-04-24 20:07:29+00:00,6500.0,1.15,0.95,1.35,-1.5000001,-56.60378,615.0,1093,0.26428958374023437,False,REGULAR,USD,put,2026-05-04,1.15,0.9071775791933588,0.021917808219178082,0.29125716705240234
SPXW260504P06525000,2026-04-24 15:39:07+00:00,6525.0,1.9,1.05,1.45,-0.85,-30.909092,11.0,59,0.2576978527832031,False,REGULAR,USD,put,2026-05-04,1.25,0.9106667237287179,0.021917808219178082,0.2844121547900222
SPXW260504P06550000,2026-04-24 20:03:47+00:00,6550.0,1.2,1.15,1.6,-3.7,-75.5102,91.0,207,0.25202164001464844,False,REGULAR,USD,put,2026-05-04,1.375,0.914155868264077,0.021917808219178082,0.2779313327864782
SPXW260504P06575000,2026-04-24 20:00:14+00:00,6575.0,1.4,1.3,1.75,-2.7999997,-66.666664,34.0,204,0.2459181854248047,False,REGULAR,USD,put,2026-05-04,1.525,0.9176450127994361,0.021917808219178082,0.27167062575281187
SPXW260504P06580000,2026-04-24 18:45:52+00:00,6580.0,1.95,1.3,1.75,-2.3500001,-54.651165,81.0,163,0.24402611450195313,False,REGULAR,USD,put,2026-05-04,1.525,0.9183428417065079,0.021917808219178082,0.2696113206501629
SPXW260504P06590000,2026-04-24 20:13:55+00:00,6590.0,1.65,1.4,1.85,-2.0,-54.79452,57.0,187,0.24225611267089842,False,REGULAR,USD,put,2026-05-04,1.625,0.9197384995206516,0.021917808219178082,0.2679202054271217
SPXW260504P06600000,2026-04-24 19:55:40+00:00,6600.0,1.55,1.45,1.9,-3.1000001,-66.66667,61.0,322,0.23944852355957028,False,REGULAR,USD,put,2026-05-04,1.6749999999999998,0.9211341573347951,0.021917808219178082,0.2649343455000844
SPXW260504P06610000,2026-04-24 19:37:31+00:00,6610.0,2.12,1.55,2.0,-2.08,-49.52381,52.0,41,0.23749541809082028,False,REGULAR,USD,put,2026-05-04,1.775,0.9225298151489387,0.021917808219178082,0.26300213165111636
SPXW260504P06620000,2026-04-23 14:00:45+00:00,6620.0,5.3,1.6,2.1,0.0,0.0,23.0,55,0.23545076080322264,False,REGULAR,USD,put,2026-05-04,1.85,0.9239254729630824,0.021917808219178082,0.26040996264521654
SPXW260504P06625000,2026-04-24 19:55:40+00:00,6625.0,1.82,1.65,2.15,-2.5099998,-57.967663,118.0,149,0.23438265625,False,REGULAR,USD,put,2026-05-04,1.9,0.9246233018701542,0.021917808219178082,0.2593406860031978
SPXW260504P06630000,2026-04-24 19:48:56+00:00,6630.0,2.04,1.7,2.2,-2.1100001,-50.843376,77.0,33,0.23331455169677734,False,REGULAR,USD,put,2026-05-04,1.9500000000000002,0.925321130777226,0.021917808219178082,0.25824066149516817
SPXW260504P06640000,2026-04-24 19:57:46+00:00,6640.0,1.83,1.8,2.3,-2.5700002,-58.409096,27.0,71,0.2310562734985352,False,REGULAR,USD,put,2026-05-04,2.05,0.9267167885913696,0.021917808219178082,0.2559525713919878
SPXW260504P06650000,2026-04-24 19:57:28+00:00,6650.0,1.92,1.9,2.4,-3.0499997,-61.368202,44.0,188,0.22873696075439454,False,REGULAR,USD,put,2026-05-04,2.15,0.9281124464055133,0.021917808219178082,0.25355290274947456
SPXW260504P06675000,2026-04-24 18:55:37+00:00,6675.0,3.1,2.2,2.7,-4.08,-56.824512,55.0,197,0.22324385162353516,False,REGULAR,USD,put,2026-05-04,2.45,0.9316015909408724,0.021917808219178082,0.24793898780768867
SPXW260504P06680000,2026-04-24 18:13:57+00:00,6680.0,3.25,2.3,2.8,-5.6499996,-63.483143,11.0,25,0.22263350616455074,False,REGULAR,USD,put,2026-05-04,2.55,0.9322994198479442,0.021917808219178082,0.24736625696891837
SPXW260504P06700000,2026-04-24 19:57:57+00:00,6700.0,2.54,2.6,3.1,-5.58,-68.719215,95.0,200,0.21843738113403316,False,REGULAR,USD,put,2026-05-04,2.85,0.9350907354762314,0.021917808219178082,0.24306443128859487
SPXW260504P06725000,2026-04-24 19:53:55+00:00,6725.0,3.4,3.1,3.6,-11.139999,-76.61623,66.0,136,0.21396660064697265,False,REGULAR,USD,put,2026-05-04,3.35,0.9385798800115905,0.021917808219178082,0.23855176118306606
SPXW260504P06740000,2026-04-24 19:29:23+00:00,6740.0,4.5,3.4,3.9,-3.1999998,-41.55844,21.0,94,0.21086909744262694,False,REGULAR,USD,put,2026-05-04,3.65,0.940673366732806,0.021917808219178082,0.2353293075024019
SPXW260504P06750000,2026-04-24 19:53:45+00:00,6750.0,4.02,3.6,4.2,-5.4599996,-57.594936,196.0,674,0.20960263061523435,False,REGULAR,USD,put,2026-05-04,3.9000000000000004,0.9420690245469496,0.021917808219178082,0.23355554254759767
SPXW260504P06755000,2026-04-24 18:30:20+00:00,6755.0,5.0,3.7,4.3,-16.9,-77.168945,33.0,18,0.20842771560668938,False,REGULAR,USD,put,2026-05-04,4.0,0.9427668534540213,0.021917808219178082,0.2323215243148528
SPXW260504P06760000,2026-04-24 18:59:11+00:00,6760.0,4.8,3.9,4.5,-7.4799995,-60.91205,64.0,167,0.20813780151367184,False,REGULAR,USD,put,2026-05-04,4.2,0.9434646823610932,0.021917808219178082,0.23212310238143957
SPXW260504P06765000,2026-04-24 19:32:13+00:00,6765.0,5.0,4.0,4.6,-10.8,-68.35443,72.0,38,0.2068865933227539,False,REGULAR,USD,put,2026-05-04,4.3,0.944162511268165,0.021917808219178082,0.23080107026037755
SPXW260504P06770000,2026-04-24 19:32:23+00:00,6770.0,5.15,4.1,4.8,-6.4999995,-55.793987,58.0,121,0.206489868774414,False,REGULAR,USD,put,2026-05-04,4.449999999999999,0.9448603401752368,0.021917808219178082,0.22995622457696796
SPXW260504P06775000,2026-04-24 19:45:31+00:00,6775.0,5.0,4.3,4.9,-8.87,-63.950974,405.0,288,0.20516236740112304,False,REGULAR,USD,put,2026-05-04,4.6,0.9455581690823086,0.021917808219178082,0.22905824355389712
SPXW260504P06780000,2026-04-24 19:58:23+00:00,6780.0,4.4,4.4,5.1,-4.4100003,-50.056755,47.0,53,0.2046588323974609,False,REGULAR,USD,put,2026-05-04,4.75,0.9462559979893804,0.021917808219178082,0.22810931128021425
SPXW260504P06785000,2026-04-24 19:49:44+00:00,6785.0,5.1,4.6,5.2,-10.09,-66.425285,23.0,15,0.20327029647827144,False,REGULAR,USD,put,2026-05-04,4.9,0.9469538268964522,0.021917808219178082,0.2271114562051179
SPXW260504P06790000,2026-04-24 19:10:42+00:00,6790.0,5.7,4.8,5.4,-10.72,-65.28624,23.0,109,0.20265995101928708,False,REGULAR,USD,put,2026-05-04,5.1,0.9476516558035241,0.021917808219178082,0.22652366646963862
SPXW260504P06795000,2026-04-24 19:08:27+00:00,6795.0,5.9,5.0,5.6,-19.62,-76.880875,61.0,41,0.20198857101440426,False,REGULAR,USD,put,2026-05-04,5.3,0.9483494847105959,0.021917808219178082,0.22586691449352755
SPXW260504P06800000,2026-04-24 20:03:47+00:00,6800.0,5.3,5.1,5.8,-7.7,-59.23077,69.0,621,0.20127141510009766,False,REGULAR,USD,put,2026-05-04,5.449999999999999,0.9490473136176677,0.021917808219178082,0.22471290484541379
SPXW260504P06805000,2026-04-24 19:10:39+00:00,6805.0,6.2,5.3,6.0,-19.93,-76.27249,45.0,17,0.20049322463989255,False,REGULAR,USD,put,2026-05-04,5.65,0.9497451425247395,0.021917808219178082,0.2239396812156706
SPXW260504P06820000,2026-04-24 20:04:54+00:00,6820.0,6.1,6.0,6.7,-9.25,-60.260582,29.0,71,0.19854011917114256,False,REGULAR,USD,put,2026-05-04,6.35,0.951838629245955,0.021917808219178082,0.22204685197562096
SPXW260504P06825000,2026-04-24 19:58:57+00:00,6825.0,6.17,6.2,6.9,-7.0,-53.1511,53.0,339,0.1975635664367676,False,REGULAR,USD,put,2026-05-04,6.550000000000001,0.9525364581530268,0.021917808219178082,0.22102818769597943
SPXW260504P06830000,2026-04-24 19:43:02+00:00,6830.0,7.4,6.5,7.1,-18.25,-71.1501,30.0,81,0.19653360847473142,False,REGULAR,USD,put,2026-05-04,6.8,0.9532342870600986,0.021917808219178082,0.2203283064289941
SPXW260504P06840000,2026-04-24 20:04:54+00:00,6840.0,7.1,7.0,7.6,-11.42,-61.663067,46.0,175,0.19496959823608395,False,REGULAR,USD,put,2026-05-04,7.3,0.9546299448742422,0.021917808219178082,0.21873112173313772
SPXW260504P06850000,2026-04-24 19:49:51+00:00,6850.0,8.25,7.5,8.2,-9.35,-53.125,523.0,653,0.19377942459106445,False,REGULAR,USD,put,2026-05-04,7.85,0.9560256026883859,0.021917808219178082,0.21722154817621567
SPXW260504P06865000,2026-04-24 16:45:20+00:00,6865.0,10.9,8.5,9.1,-6.51,-37.392307,18.0,102,0.19152877571105958,False,REGULAR,USD,put,2026-05-04,8.8,0.9581190894096013,0.021917808219178082,0.21524993800618622
SPXW260504P06875000,2026-04-24 19:16:29+00:00,6875.0,9.9,9.1,9.8,-11.51,-53.759926,163.0,238,0.19026230888366702,False,REGULAR,USD,put,2026-05-04,9.45,0.959514747223745,0.021917808219178082,0.2136818867124619
SPXW260504P06880000,2026-04-24 20:08:56+00:00,6880.0,9.9,9.5,10.1,-11.800001,-54.377884,25.0,269,0.18927812683105472,False,REGULAR,USD,put,2026-05-04,9.8,0.9602125761308168,0.021917808219178082,0.21294021519584946
SPXW260504P06885000,2026-04-24 19:52:10+00:00,6885.0,10.65,9.9,10.5,-15.15,-58.72093,58.0,119,0.18874407455444336,False,REGULAR,USD,put,2026-05-04,10.2,0.9609104050378886,0.021917808219178082,0.2124064399519322
SPXW260504P06890000,2026-04-24 18:40:51+00:00,6890.0,11.8,10.2,10.9,-11.2,-48.695652,20.0,175,0.18813372909545895,False,REGULAR,USD,put,2026-05-04,10.55,0.9616082339449604,0.021917808219178082,0.21152001708608978
SPXW260504P06895000,2026-04-24 19:30:04+00:00,6895.0,12.37,10.6,11.3,-14.63,-54.18519,20.0,15,0.18744709045410157,False,REGULAR,USD,put,2026-05-04,10.95,0.9623060628520322,0.021917808219178082,0.2108339785760715
SPXW260504P06900000,2026-04-24 20:14:42+00:00,6900.0,11.66,11.0,11.7,-10.49,-47.358913,150.0,509,0.186707046585083,False,REGULAR,USD,put,2026-05-04,11.35,0.9630038917591041,0.021917808219178082,0.2100730580216729
SPXW260504P06905000,2026-04-24 20:13:42+00:00,6905.0,12.23,11.5,12.1,-11.140001,-47.667953,23.0,59,0.18590596817016602,False,REGULAR,USD,put,2026-05-04,11.8,0.9637017206661759,0.021917808219178082,0.20949289884422545
SPXW260504P06910000,2026-04-24 20:09:39+00:00,6910.0,12.45,11.9,12.6,-14.599999,-53.97412,45.0,88,0.1854710970306396,False,REGULAR,USD,put,2026-05-04,12.25,0.9643995495732476,0.021917808219178082,0.2088315008395138
SPXW260504P06920000,2026-04-24 19:51:12+00:00,6920.0,13.6,12.8,13.5,-11.029999,-44.782784,45.0,77,0.18395286270141603,False,REGULAR,USD,put,2026-05-04,13.15,0.9657952073873912,0.021917808219178082,0.20727762134873678
SPXW260504P06925000,2026-04-24 20:07:08+00:00,6925.0,13.78,13.3,14.0,-11.070001,-44.547287,51.0,109,0.18330437065124508,False,REGULAR,USD,put,2026-05-04,13.65,0.966493036294463,0.021917808219178082,0.20662109154136385
SPXW260504P06930000,2026-04-24 20:09:39+00:00,6930.0,14.35,13.8,14.5,-11.32,-44.098167,110.0,153,0.18258721473693848,False,REGULAR,USD,put,2026-05-04,14.15,0.9671908652015349,0.021917808219178082,0.20588445624299018
SPXW260504P06935000,2026-04-24 20:07:08+00:00,6935.0,14.83,14.3,15.0,-11.469999,-43.612167,20.0,54,0.18180139495849607,False,REGULAR,USD,put,2026-05-04,14.65,0.9678886941086067,0.021917808219178082,0.2050702373774292
SPXW260504P06940000,2026-04-24 19:57:20+00:00,6940.0,14.65,14.9,15.5,-13.68,-48.288036,21.0,93,0.18094691131591795,False,REGULAR,USD,put,2026-05-04,15.2,0.9685865230156785,0.021917808219178082,0.20439685762852244
SPXW260504P06945000,2026-04-24 19:58:09+00:00,6945.0,15.03,15.4,16.1,-20.7,-57.93451,17.0,71,0.18040522972106934,False,REGULAR,USD,put,2026-05-04,15.75,0.9692843519227503,0.021917808219178082,0.20364196869017567
SPXW260504P06950000,2026-04-24 20:11:56+00:00,6950.0,16.9,16.0,16.7,-12.640001,-42.78944,132.0,268,0.17977962562561037,False,REGULAR,USD,put,2026-05-04,16.35,0.9699821808298221,0.021917808219178082,0.20301449140737376
SPXW260504P06955000,2026-04-24 17:55:10+00:00,6955.0,18.6,16.6,17.3,-14.4,-43.636364,29.0,18,0.1790853576660156,False,REGULAR,USD,put,2026-05-04,16.950000000000003,0.970680009736894,0.021917808219178082,0.20230230037892516
SPXW260504P06960000,2026-04-24 19:57:20+00:00,6960.0,16.95,17.2,17.9,-16.849998,-49.852066,73.0,147,0.17831479652404789,False,REGULAR,USD,put,2026-05-04,17.549999999999997,0.9713778386439658,0.021917808219178082,0.20150793286078877
SPXW260504P06965000,2026-04-24 18:21:00+00:00,6965.0,20.74,17.8,18.5,-14.24,-40.708977,42.0,70,0.17747557151794432,False,REGULAR,USD,put,2026-05-04,18.15,0.9720756675510376,0.021917808219178082,0.20063416669823939
SPXW260504P06970000,2026-04-24 20:14:01+00:00,6970.0,19.5,18.5,19.2,-13.049999,-40.092163,92.0,83,0.1769033726501465,False,REGULAR,USD,put,2026-05-04,18.85,0.9727734964581094,0.021917808219178082,0.20006276761644926
SPXW260504P06975000,2026-04-24 20:11:32+00:00,6975.0,20.1,19.1,19.8,-13.429998,-40.05368,49.0,87,0.17592681991577147,False,REGULAR,USD,put,2026-05-04,19.450000000000003,0.9734713253651812,0.021917808219178082,0.19902921899207038
SPXW260504P06980000,2026-04-24 19:59:08+00:00,6980.0,20.13,19.8,20.5,-16.22,-44.621735,148.0,109,0.1752020346832275,False,REGULAR,USD,put,2026-05-04,20.15,0.974169154272253,0.021917808219178082,0.19828791757585992
SPXW260504P06985000,2026-04-24 19:58:36+00:00,6985.0,20.51,20.6,21.2,-14.92,-42.111206,29.0,68,0.17440477092742923,False,REGULAR,USD,put,2026-05-04,20.9,0.9748669831793249,0.021917808219178082,0.19764080702488288
SPXW260504P06990000,2026-04-24 19:57:19+00:00,6990.0,21.07,21.3,22.0,-17.400002,-45.230053,65.0,148,0.17384401603698732,False,REGULAR,USD,put,2026-05-04,21.65,0.9755648120863967,0.021917808219178082,0.19690393996174757
SPXW260504P06995000,2026-04-24 18:37:27+00:00,6995.0,24.22,22.0,22.7,-17.300001,-41.666668,21.0,48,0.17289798057556152,False,REGULAR,USD,put,2026-05-04,22.35,0.9762626409934685,0.021917808219178082,0.1959081017392762
SPXW260504P07000000,2026-04-24 20:12:11+00:00,7000.0,23.97,22.8,23.5,-16.160002,-40.269127,468.0,1421,0.17217319534301762,False,REGULAR,USD,put,2026-05-04,23.15,0.9769604699005403,0.021917808219178082,0.19517245204179362
SPXW260504P07005000,2026-04-24 20:13:33+00:00,7005.0,24.88,23.6,24.3,-19.840002,-44.36494,45.0,91,0.1713797462463379,False,REGULAR,USD,put,2026-05-04,23.950000000000003,0.9776582988076121,0.021917808219178082,0.19434805667857785
SPXW260504P07010000,2026-04-24 19:55:37+00:00,7010.0,24.66,24.5,25.2,-16.400002,-39.94155,104.0,163,0.17079228874206545,False,REGULAR,USD,put,2026-05-04,24.85,0.9783561277146839,0.021917808219178082,0.193763998036318
SPXW260504P07015000,2026-04-24 19:04:15+00:00,7015.0,27.03,25.3,26.0,-18.609999,-40.775635,40.0,71,0.16983862396240235,False,REGULAR,USD,put,2026-05-04,25.65,0.9790539566217558,0.021917808219178082,0.19276285662984738
SPXW260504P07020000,2026-04-24 19:58:59+00:00,7020.0,26.31,26.2,26.9,-21.67,-45.164654,315.0,91,0.16908713611602788,False,REGULAR,USD,put,2026-05-04,26.549999999999997,0.9797517855288276,0.021917808219178082,0.1919949515109292
SPXW260504P07025000,2026-04-24 18:46:22+00:00,7025.0,29.86,27.1,27.8,-18.619999,-38.40759,81.0,106,0.16825935508728032,False,REGULAR,USD,put,2026-05-04,27.450000000000003,0.9804496144358994,0.021917808219178082,0.191135624381398
SPXW260504P07030000,2026-04-24 16:42:23+00:00,7030.0,32.38,28.0,28.8,-21.369999,-39.758137,52.0,70,0.16761467769622806,False,REGULAR,USD,put,2026-05-04,28.4,0.9811474433429712,0.021917808219178082,0.19033961845411232
SPXW260504P07035000,2026-04-24 19:59:03+00:00,7035.0,29.22,29.0,29.7,-20.480001,-41.207245,66.0,100,0.16662286632537848,False,REGULAR,USD,put,2026-05-04,29.35,0.981845272250043,0.021917808219178082,0.1894510049698005
SPXW260504P07040000,2026-04-24 20:10:14+00:00,7040.0,30.92,30.0,30.7,-23.480001,-43.161766,220.0,220,0.1658103439331055,False,REGULAR,USD,put,2026-05-04,30.35,0.9825431011571149,0.021917808219178082,0.18861987420451895
SPXW260504P07045000,2026-04-24 19:44:32+00:00,7045.0,32.3,31.0,31.8,-22.100002,-40.625004,40.0,25,0.1651771105194092,False,REGULAR,USD,put,2026-05-04,31.4,0.9832409300641867,0.021917808219178082,0.1878405123010089
SPXW260504P07050000,2026-04-24 20:07:08+00:00,7050.0,34.33,32.1,32.8,-19.439999,-36.153988,309.0,309,0.1642005577850342,False,REGULAR,USD,put,2026-05-04,32.45,0.9839387589712585,0.021917808219178082,0.18696509310598394
SPXW260504P07055000,2026-04-24 19:51:02+00:00,7055.0,34.86,33.2,33.9,-22.169998,-38.874275,45.0,54,0.16338803539276125,False,REGULAR,USD,put,2026-05-04,33.55,0.9846365878783303,0.021917808219178082,0.18613664606345476
SPXW260504P07060000,2026-04-24 20:12:33+00:00,7060.0,35.81,34.3,35.0,-20.809998,-36.753796,55.0,97,0.16249159049987794,False,REGULAR,USD,put,2026-05-04,34.65,0.9853344167854021,0.021917808219178082,0.18521087032848313
SPXW260504P07065000,2026-04-24 20:04:53+00:00,7065.0,35.78,35.4,36.2,-21.45,-37.480347,94.0,171,0.16175154663085936,False,REGULAR,USD,put,2026-05-04,35.8,0.9860322456924739,0.021917808219178082,0.18432717314986602
SPXW260504P07070000,2026-04-24 19:52:06+00:00,7070.0,38.44,36.6,37.4,-23.740002,-38.17948,159.0,324,0.1609199509429932,False,REGULAR,USD,put,2026-05-04,37.0,0.9867300745995456,0.021917808219178082,0.1834815206260999
SPXW260504P07075000,2026-04-24 19:43:25+00:00,7075.0,39.1,37.8,38.6,-27.349998,-41.158764,103.0,171,0.1599968034362793,False,REGULAR,USD,put,2026-05-04,38.2,0.9874279035066175,0.021917808219178082,0.1825348317533662
SPXW260504P07080000,2026-04-24 19:41:25+00:00,7080.0,40.85,39.1,39.9,-21.45,-34.43018,99.0,90,0.15922242763519284,False,REGULAR,USD,put,2026-05-04,39.5,0.9881257324136893,0.021917808219178082,0.1817549460377383
SPXW260504P07085000,2026-04-24 19:53:17+00:00,7085.0,42.05,40.4,41.2,-23.310001,-35.664017,24.0,53,0.15834887069702147,False,REGULAR,USD,put,2026-05-04,40.8,0.9888235613207611,0.021917808219178082,0.18087019322084863
SPXW260504P07090000,2026-04-24 20:02:14+00:00,7090.0,42.23,41.7,42.5,-25.869999,-37.98825,118.0,248,0.15738757659912112,False,REGULAR,USD,put,2026-05-04,42.1,0.9895213902278329,0.021917808219178082,0.17988163034096977
SPXW260504P07095000,2026-04-24 20:02:16+00:00,7095.0,43.45,43.0,43.9,-28.600002,-39.694656,237.0,228,0.15655598091125492,False,REGULAR,USD,put,2026-05-04,43.45,0.9902192191349047,0.021917808219178082,0.17891869054830975
SPXW260504P07100000,2026-04-24 20:09:43+00:00,7100.0,45.37,44.4,45.3,-28.670002,-38.722317,274.0,1047,0.1556290187454224,False,REGULAR,USD,put,2026-05-04,44.849999999999994,0.9909170480419766,0.021917808219178082,0.17797799363654182
SPXW260504P07105000,2026-04-24 20:05:53+00:00,7105.0,46.0,45.9,46.7,-24.660004,-34.89952,35.0,132,0.15460287544250492,False,REGULAR,USD,put,2026-05-04,46.3,0.9916148769490484,0.021917808219178082,0.17705631339106145
SPXW260504P07110000,2026-04-24 19:54:20+00:00,7110.0,48.12,47.4,48.2,-26.380001,-35.409397,550.0,165,0.15370261589050294,False,REGULAR,USD,put,2026-05-04,47.8,0.9923127058561202,0.021917808219178082,0.17615040404109483
SPXW260504P07115000,2026-04-24 20:14:39+00:00,7115.0,50.09,48.9,49.7,-28.859997,-36.55478,62.0,38,0.15269936054229744,False,REGULAR,USD,put,2026-05-04,49.3,0.993010534763192,0.021917808219178082,0.1751337169961839
SPXW260504P07120000,2026-04-24 20:05:36+00:00,7120.0,50.81,50.5,51.3,-26.490002,-34.26908,84.0,165,0.15181435962677003,False,REGULAR,USD,put,2026-05-04,50.9,0.9937083636702638,0.021917808219178082,0.17425221184853396
SPXW260504P07125000,2026-04-24 19:57:07+00:00,7125.0,52.28,52.1,52.9,-27.870003,-34.772305,117.0,158,0.1508263629150391,False,REGULAR,USD,put,2026-05-04,52.5,0.9944061925773356,0.021917808219178082,0.17325581492611186
SPXW260504P07130000,2026-04-24 20:07:40+00:00,7130.0,54.03,53.7,54.6,-29.340004,-35.19252,117.0,51,0.14994517665863039,False,REGULAR,USD,put,2026-05-04,54.150000000000006,0.9951040214844075,0.021917808219178082,0.17226602110688366
SPXW260504P07135000,2026-04-24 19:45:41+00:00,7135.0,57.45,55.4,56.3,-33.95,-37.14442,27.0,39,0.14895717994689942,False,REGULAR,USD,put,2026-05-04,55.849999999999994,0.9958018503914793,0.021917808219178082,0.17127996427630457
SPXW260504P07140000,2026-04-24 19:54:05+00:00,7140.0,58.42,57.2,58.0,-27.18,-31.752337,105.0,89,0.14785855812072754,False,REGULAR,USD,put,2026-05-04,57.6,0.9964996792985511,0.021917808219178082,0.17029507315294592
SPXW260504P07145000,2026-04-24 19:21:33+00:00,7145.0,60.5,58.9,59.8,-11.900002,-16.436466,13.0,10,0.1468629320907593,False,REGULAR,USD,put,2026-05-04,59.349999999999994,0.9971975082056229,0.021917808219178082,0.16918919653965653
SPXW260504P07150000,2026-04-24 20:07:40+00:00,7150.0,61.23,60.8,61.7,-28.77,-31.96667,181.0,1133,0.14596648719787594,False,REGULAR,USD,put,2026-05-04,61.25,0.9978953371126947,0.021917808219178082,0.1683186323461004
SPXW260504P07155000,2026-04-24 19:57:07+00:00,7155.0,62.88,62.7,63.6,-38.219997,-37.804153,25.0,17,0.14495178787231444,False,REGULAR,USD,put,2026-05-04,63.150000000000006,0.9985931660197666,0.021917808219178082,0.1673221399023148
SPXW260504P07160000,2026-04-24 19:57:07+00:00,7160.0,64.88,64.6,65.5,-40.090004,-38.191868,69.0,34,0.1438188341140747,False,REGULAR,USD,put,2026-05-04,65.05,0.9992909949268384,0.021917808219178082,0.16619843387684613
SPXW260504P07165000,2026-04-24 20:14:39+00:00,7165.0,68.18,66.6,67.5,-69.82,-50.594204,55.0,12,0.14277361751556394,False,REGULAR,USD,put,2026-05-04,67.05,0.9999888238339102,0.021917808219178082,0.1651821052917213
SPXW260504P07175000,2026-04-24 20:10:37+00:00,7175.0,72.7,70.8,71.6,-26.300003,-26.565659,85.0,12,0.14052678329467772,True,REGULAR,USD,put,2026-05-04,71.19999999999999,1.0013844816480537,0.021917808219178082,0.1631065662471612
SPXW260504P07180000,2026-04-24 20:08:00+00:00,7180.0,74.26,72.9,73.8,-38.089996,-33.902977,26.0,20,0.13952734260559083,True,REGULAR,USD,put,2026-05-04,73.35,1.0020823105551255,0.021917808219178082,0.16204233340931448
SPXW260504P07225000,2026-04-23 15:38:59+00:00,7225.0,111.8,95.0,95.9,0.0,0.0,114.0,46,0.1291400258255005,True,REGULAR,USD,put,2026-05-04,95.45,1.008362770718772,0.021917808219178082,0.15243935175463905
SPXW260511C06820000,2026-04-14 16:26:19+00:00,6820.0,216.99,366.6,372.8,0.0,0.0,11.0,31,0.22582256118774413,True,REGULAR,USD,call,2026-05-11,369.70000000000005,0.951838629245955,0.0410958904109589,0.20134164844031105
SPXW260511C06840000,2026-04-21 17:15:21+00:00,6840.0,286.33,348.4,354.6,0.0,0.0,47.0,56,0.22166458274841308,True,REGULAR,USD,call,2026-05-11,351.5,0.9546299448742422,0.0410958904109589,0.19931840244211838
SPXW260511C06920000,2026-04-21 17:21:06+00:00,6920.0,218.35,277.6,283.5,0.0,0.0,35.0,59,0.20514710876464842,True,REGULAR,USD,call,2026-05-11,280.55,0.9657952073873912,0.0410958904109589,0.190199022978946
SPXW260511C06950000,2026-04-23 16:04:55+00:00,6950.0,232.54,252.0,257.8,0.0,0.0,38.0,479,0.19921912849426268,True,REGULAR,USD,call,2026-05-11,254.9,0.9699821808298221,0.0410958904109589,0.18648789350691064
SPXW260511C07000000,2026-04-24 19:37:20+00:00,7000.0,210.44,210.7,216.1,35.130005,20.038792,18.0,604,0.1889576954650879,True,REGULAR,USD,call,2026-05-11,213.39999999999998,0.9769604699005403,0.0410958904109589,0.17952641403739272
SPXW260511C07025000,2026-04-24 19:25:18+00:00,7025.0,192.18,191.0,196.2,53.979996,39.059334,19.0,190,0.18425040611267088,True,REGULAR,USD,call,2026-05-11,193.6,0.9804496144358994,0.0410958904109589,0.17626919622776055
SPXW260511C07040000,2026-04-24 15:22:47+00:00,7040.0,165.5,179.5,184.5,22.210007,15.50004,15.0,32,0.1813665238189697,True,REGULAR,USD,call,2026-05-11,182.0,0.9825431011571149,0.0410958904109589,0.17424907954281652
SPXW260511C07050000,2026-04-24 19:37:48+00:00,7050.0,170.85,173.6,174.6,42.73001,33.351555,17.0,261,0.17547287548065182,True,REGULAR,USD,call,2026-05-11,174.1,0.9839387589712585,0.0410958904109589,0.1722995314043183
SPXW260511C07060000,2026-04-24 19:37:48+00:00,7060.0,163.44,166.1,167.1,44.04,36.884422,16.0,15,0.1737410202407837,True,REGULAR,USD,call,2026-05-11,166.6,0.9853344167854021,0.0410958904109589,0.1709239963215562
SPXW260511C07075000,2026-04-24 15:35:21+00:00,7075.0,140.28,155.0,156.0,20.269997,16.890257,20.0,191,0.1710364269256592,True,REGULAR,USD,call,2026-05-11,155.5,0.9874279035066175,0.0410958904109589,0.16871537063746786
SPXW260511C07080000,2026-04-24 17:50:59+00:00,7080.0,148.76,151.4,152.4,31.889992,27.28672,12.0,43,0.170204831237793,True,REGULAR,USD,call,2026-05-11,151.9,0.9881257324136893,0.0410958904109589,0.16805043232009387
SPXW260511C07100000,2026-04-24 19:14:12+00:00,7100.0,138.9,137.2,138.2,33.999992,32.41181,67.0,602,0.16670297416687016,True,REGULAR,USD,call,2026-05-11,137.7,0.9909170480419766,0.0410958904109589,0.16514932192376938
SPXW260511C07110000,2026-04-24 18:55:12+00:00,7110.0,126.56,130.2,131.3,29.059998,29.805126,17.0,90,0.16496348960876464,True,REGULAR,USD,call,2026-05-11,130.75,0.9923127058561202,0.0410958904109589,0.16359895066405866
SPXW260511C07120000,2026-04-24 15:43:47+00:00,7120.0,109.75,123.5,124.5,15.099998,15.953511,68.0,45,0.16316678516387945,True,REGULAR,USD,call,2026-05-11,124.0,0.9937083636702638,0.0410958904109589,0.16215107159868386
SPXW260511C07125000,2026-04-24 19:50:26+00:00,7125.0,119.62,120.1,121.2,23.810005,24.851274,37.0,248,0.16234663345336914,True,REGULAR,USD,call,2026-05-11,120.65,0.9944061925773356,0.0410958904109589,0.16137299490063978
SPXW260511C07130000,2026-04-24 19:14:52+00:00,7130.0,118.4,116.8,117.9,31.760002,36.657436,49.0,58,0.16146544719696043,True,REGULAR,USD,call,2026-05-11,117.35,0.9951040214844075,0.0410958904109589,0.16061681973652497
SPXW260511C07140000,2026-04-24 19:39:56+00:00,7140.0,109.07,110.3,111.4,27.239998,33.28852,28.0,49,0.15968972337722778,True,REGULAR,USD,call,2026-05-11,110.85,0.9964996792985511,0.0410958904109589,0.1590768733945465
SPXW260511C07150000,2026-04-24 19:57:34+00:00,7150.0,104.92,104.0,105.1,29.89,39.8374,839.0,633,0.1579922000694275,True,REGULAR,USD,call,2026-05-11,104.55,0.9978953371126947,0.0410958904109589,0.1576091019939183
SPXW260511C07160000,2026-04-24 19:50:45+00:00,7160.0,97.07,97.7,98.9,25.300003,35.251503,51.0,259,0.1562012176132202,True,REGULAR,USD,call,2026-05-11,98.30000000000001,0.9992909949268384,0.0410958904109589,0.15594355121938788
SPXW260511C07170000,2026-04-24 19:42:02+00:00,7170.0,91.9,91.8,92.9,9.300003,11.259084,42.0,80,0.15447699169158935,False,REGULAR,USD,call,2026-05-11,92.35,1.000686652740982,0.0410958904109589,0.15450496788144338
SPXW260511C07175000,2026-04-24 19:56:45+00:00,7175.0,89.6,88.9,89.9,24.949997,38.592415,170.0,404,0.15351188293457033,False,REGULAR,USD,call,2026-05-11,89.4,1.0013844816480537,0.0410958904109589,0.15371656972786166
SPXW260511C07180000,2026-04-24 19:54:39+00:00,7180.0,85.75,86.0,87.0,26.36,44.38458,26.0,35,0.1526402333259583,False,REGULAR,USD,call,2026-05-11,86.5,1.0020823105551255,0.0410958904109589,0.15293822396565065
SPXW260511C07190000,2026-04-24 20:13:27+00:00,7190.0,79.19,80.3,81.4,23.160004,41.335007,14.0,29,0.1510132812118531,False,REGULAR,USD,call,2026-05-11,80.85,1.0034779683692692,0.0410958904109589,0.15140741600534666
SPXW260511C07200000,2026-04-24 20:06:10+00:00,7200.0,75.54,74.9,75.9,22.02,41.143497,189.0,687,0.14925853801727296,False,REGULAR,USD,call,2026-05-11,75.4,1.0048736261834128,0.0410958904109589,0.1499044917753429
SPXW260511C07210000,2026-04-24 20:08:42+00:00,7210.0,69.1,69.6,70.6,21.079998,43.898373,50.0,84,0.1475343120956421,False,REGULAR,USD,call,2026-05-11,70.1,1.0062692839975564,0.0410958904109589,0.1483347616498936
SPXW260511C07220000,2026-04-24 20:08:34+00:00,7220.0,64.1,64.5,65.5,21.05,48.896633,278.0,328,0.14582915946960448,False,REGULAR,USD,call,2026-05-11,65.0,1.0076649418117,0.0410958904109589,0.14677711584881886
SPXW260511C07225000,2026-04-24 19:55:23+00:00,7225.0,62.28,62.0,63.0,20.259998,48.21513,58.0,470,0.14494225122451782,False,REGULAR,USD,call,2026-05-11,62.5,1.008362770718772,0.0410958904109589,0.14595644948786635
SPXW260511C07230000,2026-04-24 19:52:50+00:00,7230.0,58.4,59.6,60.6,16.100002,38.061474,110.0,152,0.14414308013916016,False,REGULAR,USD,call,2026-05-11,60.1,1.0090605996258437,0.0410958904109589,0.14522454963450795
SPXW260511C07240000,2026-04-24 19:58:30+00:00,7240.0,56.41,54.9,55.9,21.0,59.30528,80.0,130,0.14246081546783446,False,REGULAR,USD,call,2026-05-11,55.4,1.0104562574399873,0.0410958904109589,0.14367050922297314
SPXW260511C07250000,2026-04-24 20:13:52+00:00,7250.0,49.96,50.4,51.4,16.189999,47.941956,258.0,477,0.14078618011474608,False,REGULAR,USD,call,2026-05-11,50.9,1.011851915254131,0.0410958904109589,0.1421088643062584
SPXW260511C07260000,2026-04-24 20:07:26+00:00,7260.0,46.25,46.2,47.1,16.28,54.32099,64.0,107,0.13910773010253907,False,REGULAR,USD,call,2026-05-11,46.650000000000006,1.0132475730682746,0.0410958904109589,0.14062715752678145
SPXW260511C07275000,2026-04-24 20:13:52+00:00,7275.0,39.79,40.2,41.1,17.5,78.510544,19.0,456,0.13671593883514405,False,REGULAR,USD,call,2026-05-11,40.650000000000006,1.01534105978949,0.0410958904109589,0.13837607293230875
SPXW260511C07300000,2026-04-24 20:12:27+00:00,7300.0,31.14,31.4,32.2,10.76,52.796864,111.0,768,0.13287457710266112,False,REGULAR,USD,call,2026-05-11,31.8,1.0188302043248492,0.0410958904109589,0.13483082169986138
SPXW260511C07325000,2026-04-24 20:13:52+00:00,7325.0,23.83,23.9,24.7,8.18,52.268375,63.0,91,0.12931550014495846,False,REGULAR,USD,call,2026-05-11,24.299999999999997,1.0223193488602083,0.0410958904109589,0.131417876088757
SPXW260511C07350000,2026-04-24 19:54:34+00:00,7350.0,18.06,17.8,18.6,7.209999,66.45161,26.0,100,0.12621418228149411,False,REGULAR,USD,call,2026-05-11,18.200000000000003,1.0258084933955673,0.0410958904109589,0.12840862473965106
SPXW260511C07375000,2026-04-24 20:04:34+00:00,7375.0,13.23,12.9,13.7,5.9299994,81.232864,76.0,91,0.12338370521545411,False,REGULAR,USD,call,2026-05-11,13.3,1.0292976379309264,0.0410958904109589,0.12559617036504866
SPXW260511C07400000,2026-04-24 19:53:39+00:00,7400.0,9.2,9.2,10.0,3.33,56.729134,19.0,130,0.12127801338195801,False,REGULAR,USD,call,2026-05-11,9.6,1.0327867824662855,0.0410958904109589,0.1234474144683027
SPXW260511C07425000,2026-04-24 19:34:07+00:00,7425.0,6.46,6.4,7.2,2.94,83.52273,47.0,83,0.11956904609680175,False,REGULAR,USD,call,2026-05-11,6.800000000000001,1.0362759270016446,0.0410958904109589,0.12160390276730922
SPXW260511C07500000,2026-04-24 19:57:26+00:00,7500.0,2.3,2.25,2.85,0.63,37.724552,14.0,632,0.11911891632080077,False,REGULAR,USD,call,2026-05-11,2.55,1.0467433606077217,0.0410958904109589,0.12099468863246739
SPXW260511C07525000,2026-04-24 19:55:49+00:00,7525.0,1.69,1.6,2.15,0.59000003,53.636368,73.0,12,0.12004969314575195,False,REGULAR,USD,call,2026-05-11,1.875,1.0502325051430808,0.0410958904109589,0.12179565243413719
SPXW260511C07550000,2026-04-23 17:45:19+00:00,7550.0,0.78,1.2,1.7,0.0,0.0,20.0,10,0.12198753997802736,False,REGULAR,USD,call,2026-05-11,1.45,1.0537216496784398,0.0410958904109589,0.12367673252740606
SPXW260511C07575000,2026-04-24 19:55:49+00:00,7575.0,0.99,0.9,1.4,-0.48000002,-32.65306,40.0,24,0.12464254272460937,False,REGULAR,USD,call,2026-05-11,1.15,1.057210794213799,0.0410958904109589,0.1260024916892109
SPXW260511P05750000,2026-04-23 13:37:33+00:00,5750.0,1.6,0.8,1.25,0.0,0.0,15.0,65,0.412542495727539,False,REGULAR,USD,put,2026-05-11,1.025,0.8025032431325867,0.0410958904109589,0.43189758246569177
SPXW260511P05875000,2026-04-24 14:39:03+00:00,5875.0,1.35,1.05,1.45,-1.5500001,-53.448277,76.0,24,0.3830017755126953,False,REGULAR,USD,put,2026-05-11,1.25,0.819948965809382,0.0410958904109589,0.40319211507570585
SPXW260511P05900000,2026-04-24 14:19:47+00:00,5900.0,1.5,1.05,1.5,-0.5999999,-28.571424,4000.0,4021,0.3772645281982422,False,REGULAR,USD,put,2026-05-11,1.275,0.8234381103447411,0.0410958904109589,0.39646455884072485
SPXW260511P05925000,2026-04-22 13:42:02+00:00,5925.0,2.63,1.1,1.55,0.0,0.0,100.0,105,0.3714357290649414,False,REGULAR,USD,put,2026-05-11,1.3250000000000002,0.8269272548801002,0.0410958904109589,0.3906056895820432
SPXW260511P05975000,2026-04-24 18:30:30+00:00,5975.0,1.55,1.25,1.7,-4.6000004,-74.79675,10.0,31,0.36096830444335937,False,REGULAR,USD,put,2026-05-11,1.475,0.8339055439508183,0.0410958904109589,0.38024851677555244
SPXW260511P06000000,2026-04-24 16:43:24+00:00,6000.0,1.7,1.3,1.75,-0.70000005,-29.166668,73.0,409,0.35492588439941397,False,REGULAR,USD,put,2026-05-11,1.525,0.8373946884861774,0.0410958904109589,0.37408671625363366
SPXW260511P06025000,2026-04-16 13:03:28+00:00,6025.0,4.9,1.35,1.85,0.0,0.0,30.0,60,0.3501041552734374,False,REGULAR,USD,put,2026-05-11,1.6,0.8408838330215365,0.0410958904109589,0.36858724903478335
SPXW260511P06050000,2026-04-24 19:37:32+00:00,6050.0,1.72,1.45,1.9,-0.8799999,-33.84615,31.0,80,0.3439091488647461,False,REGULAR,USD,put,2026-05-11,1.6749999999999998,0.8443729775568956,0.0410958904109589,0.3629602062853893
SPXW260511P06100000,2026-04-24 16:00:27+00:00,6100.0,2.08,1.6,2.05,-1.6200001,-43.783787,115.0,168,0.3324956887817383,False,REGULAR,USD,put,2026-05-11,1.825,0.8513512666276137,0.0410958904109589,0.3513566099964426
SPXW260511P06200000,2026-04-24 18:04:16+00:00,6200.0,2.35,1.95,2.5,-1.25,-34.722225,202.0,227,0.31140825317382803,False,REGULAR,USD,put,2026-05-11,2.225,0.86530784476905,0.0410958904109589,0.3290117837075435
SPXW260511P06250000,2026-04-22 14:43:39+00:00,6250.0,4.7,2.2,2.75,0.0,0.0,60.0,157,0.3004525521850586,False,REGULAR,USD,put,2026-05-11,2.475,0.8722861338397682,0.0410958904109589,0.31796441134579045
SPXW260511P06300000,2026-04-24 19:55:53+00:00,6300.0,2.67,2.5,3.1,-1.8299999,-40.666664,102.0,270,0.2904428866577148,False,REGULAR,USD,put,2026-05-11,2.8,0.8792644229104862,0.0410958904109589,0.30752256098314
SPXW260511P06325000,2026-04-24 18:56:39+00:00,6325.0,3.2,2.7,3.3,-1.3999999,-30.434782,39.0,363,0.2854990884399413,False,REGULAR,USD,put,2026-05-11,3.0,0.8827535674458453,0.0410958904109589,0.30256881877448155
SPXW260511P06350000,2026-04-24 18:56:39+00:00,6350.0,3.45,2.85,3.5,-2.45,-41.525425,12.0,219,0.2803416693115234,False,REGULAR,USD,put,2026-05-11,3.175,0.8862427119812044,0.0410958904109589,0.2970053899962928
SPXW260511P06400000,2026-04-24 18:04:17+00:00,6400.0,3.9,3.3,3.9,-2.6,-39.999996,14.0,192,0.2694470028686523,False,REGULAR,USD,put,2026-05-11,3.5999999999999996,0.8932210010519226,0.0410958904109589,0.28628524922737175
SPXW260511P06490000,2026-04-17 13:50:08+00:00,6490.0,10.93,4.4,5.0,0.0,0.0,20.0,42,0.25167069137573245,False,REGULAR,USD,put,2026-05-11,4.7,0.9057819213792152,0.0410958904109589,0.26829370664538255
SPXW260511P06500000,2026-04-24 17:04:13+00:00,6500.0,5.3,4.5,5.2,-3.3499994,-38.728317,20.0,293,0.2501753450012207,False,REGULAR,USD,put,2026-05-11,4.85,0.9071775791933588,0.0410958904109589,0.2663307079492322
SPXW260511P06550000,2026-04-24 18:01:53+00:00,6550.0,6.1,5.4,6.1,-5.03,-45.193176,32.0,242,0.24088283538818356,False,REGULAR,USD,put,2026-05-11,5.75,0.914155868264077,0.0410958904109589,0.2569887838025744
SPXW260511P06620000,2026-04-21 15:15:10+00:00,6620.0,15.2,7.1,7.8,0.0,0.0,26.0,39,0.22846230529785155,False,REGULAR,USD,put,2026-05-11,7.449999999999999,0.9239254729630824,0.0410958904109589,0.24449705003358277
SPXW260511P06670000,2026-04-24 20:03:42+00:00,6670.0,9.0,8.8,9.5,-19.93,-68.89042,15.0,111,0.22031419342041014,False,REGULAR,USD,put,2026-05-11,9.15,0.9309037620338005,0.0410958904109589,0.23632178378587052
SPXW260511P06675000,2026-04-24 19:23:49+00:00,6675.0,9.8,9.0,9.7,-7.05,-41.839764,10.0,143,0.2195360029602051,False,REGULAR,USD,put,2026-05-11,9.35,0.9316015909408724,0.0410958904109589,0.23554845953213757
SPXW260511P06680000,2026-04-24 20:00:08+00:00,6680.0,9.4,9.2,9.9,-5.6000004,-37.333336,33.0,11,0.21874255386352537,False,REGULAR,USD,put,2026-05-11,9.55,0.9322994198479442,0.0410958904109589,0.23474910535810725
SPXW260511P06750000,2026-04-24 19:07:19+00:00,6750.0,13.59,12.6,13.3,-14.209999,-51.11511,18.0,212,0.20783262878417966,False,REGULAR,USD,put,2026-05-11,12.95,0.9420690245469496,0.0410958904109589,0.2237982633704333
SPXW260511P06780000,2026-04-24 19:34:07+00:00,6780.0,15.61,14.5,15.2,-9.2300005,-37.157814,10.0,102,0.20339999488830565,False,REGULAR,USD,put,2026-05-11,14.85,0.9462559979893804,0.0410958904109589,0.21936099511775217
SPXW260511P06800000,2026-04-24 19:56:48+00:00,6800.0,15.85,15.9,16.7,-11.889999,-42.86229,84.0,217,0.20069921623229978,False,REGULAR,USD,put,2026-05-11,16.3,0.9490473136176677,0.0410958904109589,0.21649013914695905
SPXW260511P06810000,2026-04-24 19:41:06+00:00,6810.0,17.66,16.7,17.4,-24.64,-58.250587,17.0,36,0.1989940636062622,False,REGULAR,USD,put,2026-05-11,17.049999999999997,0.9504429714318113,0.0410958904109589,0.21494905290027821
SPXW260511P06820000,2026-04-24 17:30:46+00:00,6820.0,20.93,17.5,18.2,-1.4899998,-6.6458507,64.0,89,0.19750253189086914,False,REGULAR,USD,put,2026-05-11,17.85,0.951838629245955,0.0410958904109589,0.21345552389552114
SPXW260511P06825000,2026-04-24 18:05:16+00:00,6825.0,19.43,17.9,18.7,-17.29,-47.086056,37.0,1437,0.19702951416015624,False,REGULAR,USD,put,2026-05-11,18.299999999999997,0.9525364581530268,0.0410958904109589,0.21283189998080757
SPXW260511P06850000,2026-04-24 19:55:56+00:00,6850.0,20.05,20.1,20.9,-13.299999,-39.88006,456.0,1648,0.19319959640502932,False,REGULAR,USD,put,2026-05-11,20.5,0.9560256026883859,0.0410958904109589,0.20899686838247747
SPXW260511P06870000,2026-04-24 19:48:31+00:00,6870.0,23.05,22.1,22.9,-14.869999,-39.214134,28.0,175,0.19023942092895513,False,REGULAR,USD,put,2026-05-11,22.5,0.9588169183166732,0.0410958904109589,0.2060537413122443
SPXW260511P06875000,2026-04-24 19:43:02+00:00,6875.0,23.68,22.6,23.4,-17.900002,-43.049545,68.0,237,0.18941545455932618,False,REGULAR,USD,put,2026-05-11,23.0,0.959514747223745,0.0410958904109589,0.20522594260314364
SPXW260511P06900000,2026-04-24 19:57:34+00:00,6900.0,25.15,25.5,26.3,-15.750002,-38.50856,39.0,406,0.18584493362426757,False,REGULAR,USD,put,2026-05-11,25.9,0.9630038917591041,0.0410958904109589,0.2016849967840401
SPXW260511P06910000,2026-04-24 17:54:46+00:00,6910.0,27.9,26.7,27.5,-19.9,-41.6318,56.0,93,0.18425803543090818,False,REGULAR,USD,put,2026-05-11,27.1,0.9643995495732476,0.0410958904109589,0.2001034718315493
SPXW260511P06920000,2026-04-24 18:40:25+00:00,6920.0,29.25,28.0,28.8,-17.349998,-37.23176,10.0,57,0.18277413303375245,False,REGULAR,USD,put,2026-05-11,28.4,0.9657952073873912,0.0410958904109589,0.19863194794311573
SPXW260511P06925000,2026-04-24 19:44:25+00:00,6925.0,29.76,28.6,29.5,-13.589998,-31.349478,25.0,207,0.1820951237106323,False,REGULAR,USD,put,2026-05-11,29.05,0.966493036294463,0.0410958904109589,0.19783467017386702
SPXW260511P06930000,2026-04-24 17:37:13+00:00,6930.0,31.53,29.3,30.1,-12.76,-28.810114,13.0,61,0.18113764427185056,False,REGULAR,USD,put,2026-05-11,29.700000000000003,0.9671908652015349,0.0410958904109589,0.19699729348257614
SPXW260511P06950000,2026-04-24 20:04:34+00:00,6950.0,32.56,32.2,33.1,-15.129997,-31.725723,35.0,240,0.1783224258422852,False,REGULAR,USD,put,2026-05-11,32.650000000000006,0.9699821808298221,0.0410958904109589,0.19411265761268037
SPXW260511P06960000,2026-04-24 19:58:30+00:00,6960.0,33.54,33.8,34.6,-22.25,-39.8817,19.0,111,0.17666686378479005,False,REGULAR,USD,put,2026-05-11,34.2,0.9713778386439658,0.0410958904109589,0.1925908533458407
SPXW260511P06970000,2026-04-24 20:07:26+00:00,6970.0,36.0,35.4,36.2,-14.049999,-28.071928,15.0,37,0.17507233627319335,False,REGULAR,USD,put,2026-05-11,35.8,0.9727734964581094,0.0410958904109589,0.19101095877432145
SPXW260511P06975000,2026-04-24 19:44:25+00:00,6975.0,37.43,36.2,37.1,-15.329998,-29.056099,14.0,226,0.1744238442230225,False,REGULAR,USD,put,2026-05-11,36.650000000000006,0.9734713253651812,0.0410958904109589,0.19026974885510195
SPXW260511P06980000,2026-04-24 18:59:44+00:00,6980.0,38.58,37.1,38.0,-17.46,-31.156313,29.0,75,0.17372957626342772,False,REGULAR,USD,put,2026-05-11,37.55,0.974169154272253,0.0410958904109589,0.18959574326567658
SPXW260511P06990000,2026-04-24 19:16:39+00:00,6990.0,38.95,38.9,39.8,-18.45,-32.142857,32.0,111,0.17220371261596684,False,REGULAR,USD,put,2026-05-11,39.349999999999994,0.9755648120863967,0.0410958904109589,0.18810503096886502
SPXW260511P07000000,2026-04-24 19:54:40+00:00,7000.0,40.98,40.8,41.6,-17.79,-30.270546,209.0,647,0.1705023746490479,False,REGULAR,USD,put,2026-05-11,41.2,0.9769604699005403,0.0410958904109589,0.18653537008418622
SPXW260511P07010000,2026-04-24 19:58:30+00:00,7010.0,42.52,42.7,43.6,-19.68,-31.639872,41.0,119,0.1690184722518921,False,REGULAR,USD,put,2026-05-11,43.150000000000006,0.9783561277146839,0.0410958904109589,0.18498985479483948
SPXW260511P07020000,2026-04-24 19:35:27+00:00,7020.0,46.9,44.8,45.6,-21.64,-31.572803,54.0,53,0.16734765155792242,False,REGULAR,USD,put,2026-05-11,45.2,0.9797517855288276,0.0410958904109589,0.18345856006844122
SPXW260511P07025000,2026-04-24 19:57:34+00:00,7025.0,45.55,45.8,46.7,-17.16,-27.364058,45.0,130,0.16663431030273443,False,REGULAR,USD,put,2026-05-11,46.25,0.9804496144358994,0.0410958904109589,0.18266999338830753
SPXW260511P07030000,2026-04-24 19:55:23+00:00,7030.0,46.86,46.9,47.8,-21.349998,-31.300392,136.0,67,0.16587137847900396,False,REGULAR,USD,put,2026-05-11,47.349999999999994,0.9811474433429712,0.0410958904109589,0.1819329563536516
SPXW260511P07040000,2026-04-24 19:48:54+00:00,7040.0,50.37,49.2,50.0,-23.310001,-31.63681,57.0,55,0.16419674312591553,False,REGULAR,USD,put,2026-05-11,49.6,0.9825431011571149,0.0410958904109589,0.18040380964657482
SPXW260511P07050000,2026-04-24 20:12:27+00:00,7050.0,53.17,51.5,52.4,-19.050003,-26.377737,323.0,564,0.16268995277404788,False,REGULAR,USD,put,2026-05-11,51.95,0.9839387589712585,0.0410958904109589,0.17886300763060534
SPXW260511P07060000,2026-04-24 19:48:34+00:00,7060.0,55.39,53.9,54.8,-25.46,-31.490412,59.0,101,0.16097335617065428,False,REGULAR,USD,put,2026-05-11,54.349999999999994,0.9853344167854021,0.0410958904109589,0.1772062954818133
SPXW260511P07070000,2026-04-24 20:13:27+00:00,7070.0,58.33,56.5,57.4,-21.919998,-27.31464,18.0,43,0.15940553127288815,False,REGULAR,USD,put,2026-05-11,56.95,0.9867300745995456,0.0410958904109589,0.17571513031479585
SPXW260511P07075000,2026-04-24 18:06:01+00:00,7075.0,57.25,57.8,58.7,-22.599998,-28.303066,60.0,89,0.15854151098251346,False,REGULAR,USD,put,2026-05-11,58.25,0.9874279035066175,0.0410958904109589,0.17488534851989537
SPXW260511P07080000,2026-04-24 19:48:43+00:00,7080.0,60.51,59.2,60.1,-18.570004,-23.482553,60.0,86,0.15779574512481692,False,REGULAR,USD,put,2026-05-11,59.650000000000006,0.9881257324136893,0.0410958904109589,0.1741864037430029
SPXW260511P07090000,2026-04-24 19:39:48+00:00,7090.0,64.15,62.0,62.9,-27.330002,-29.875383,49.0,77,0.15613636840820314,False,REGULAR,USD,put,2026-05-11,62.45,0.9895213902278329,0.0410958904109589,0.1726130757681652
SPXW260511P07100000,2026-04-24 19:50:24+00:00,7100.0,65.26,64.9,65.9,-22.799995,-25.891432,77.0,883,0.154585709476471,False,REGULAR,USD,put,2026-05-11,65.4,0.9909170480419766,0.0410958904109589,0.17107912294414476
SPXW260511P07110000,2026-04-24 20:11:56+00:00,7110.0,69.79,68.0,69.0,-28.159996,-28.74936,40.0,84,0.15296638668060308,False,REGULAR,USD,put,2026-05-11,68.5,0.9923127058561202,0.0410958904109589,0.16957434728845605
SPXW260511P07120000,2026-04-24 20:03:17+00:00,7120.0,71.65,71.2,72.2,-19.049995,-21.003304,29.0,42,0.1512726780319214,False,REGULAR,USD,put,2026-05-11,71.7,0.9937083636702638,0.0410958904109589,0.16800022143943233
SPXW260511P07125000,2026-04-24 19:22:24+00:00,7125.0,73.07,72.8,73.8,-17.730003,-19.526436,37.0,26,0.15033427188873294,False,REGULAR,USD,put,2026-05-11,73.3,0.9944061925773356,0.0410958904109589,0.167118683028724
SPXW260511P07130000,2026-04-24 19:46:58+00:00,7130.0,77.0,74.5,75.5,-37.949997,-33.01435,45.0,72,0.14949504688262943,False,REGULAR,USD,put,2026-05-11,75.0,0.9951040214844075,0.0410958904109589,0.16635004778065016
SPXW260511P07140000,2026-04-24 20:06:10+00:00,7140.0,78.09,78.0,79.0,-24.810005,-24.110792,20.0,22,0.14778989425659184,False,REGULAR,USD,put,2026-05-11,78.5,0.9964996792985511,0.0410958904109589,0.16479171874304263
SPXW260511P07150000,2026-04-24 19:45:02+00:00,7150.0,83.86,81.6,82.7,-14.339996,-14.602847,555.0,35,0.14614196151733394,False,REGULAR,USD,put,2026-05-11,82.15,0.9978953371126947,0.0410958904109589,0.16322757690884382
SPXW260511P07160000,2026-04-24 20:13:04+00:00,7160.0,87.73,85.5,86.5,-27.739998,-24.023554,36.0,28,0.14438340366363528,False,REGULAR,USD,put,2026-05-11,86.0,0.9992909949268384,0.0410958904109589,0.16173570438820395
SPXW260511P07175000,2026-04-24 20:07:37+00:00,7175.0,92.93,91.5,92.5,-32.839996,-26.111153,157.0,87,0.14169406898498535,True,REGULAR,USD,put,2026-05-11,92.0,1.0013844816480537,0.0410958904109589,0.15935494679468143
SPXW260511P07225000,2026-04-24 18:59:20+00:00,7225.0,117.47,114.5,115.5,-9.489998,-7.4747934,10.0,14,0.13254651641845705,True,REGULAR,USD,put,2026-05-11,115.0,1.008362770718772,0.0410958904109589,0.15167574248297624
SPXW260518C06750000,2026-04-21 19:23:48+00:00,6750.0,399.01,445.4,452.1,0.0,0.0,15.0,220,0.2382621645736694,True,REGULAR,USD,call,2026-05-18,448.75,0.9420690245469496,0.06027397260273973,0.2068199945652889
SPXW260518C06825000,2026-04-24 16:21:09+00:00,6825.0,377.44,377.9,384.4,60.080017,18.931189,60.0,1278,0.2237016107177734,True,REGULAR,USD,call,2026-05-18,381.15,0.9525364581530268,0.06027397260273973,0.19889660312157267
SPXW260518C06950000,2026-04-24 16:21:09+00:00,6950.0,269.61,270.9,276.6,33.429993,14.154455,123.0,41,0.19981040065765382,True,REGULAR,USD,call,2026-05-18,273.75,0.9699821808298221,0.06027397260273973,0.18373976850487422
SPXW260518C06980000,2026-04-22 19:27:23+00:00,6980.0,225.64,246.2,252.2,0.0,0.0,31.0,23,0.19447750720977786,True,REGULAR,USD,call,2026-05-18,249.2,0.974169154272253,0.06027397260273973,0.17966435853308002
SPXW260518C06990000,2026-04-24 18:11:45+00:00,6990.0,237.5,238.2,244.3,35.28,17.446344,15.0,36,0.1928581844139099,True,REGULAR,USD,call,2026-05-18,241.25,0.9755648120863967,0.06027397260273973,0.1784542739245787
SPXW260518C07010000,2026-04-24 19:18:27+00:00,7010.0,226.52,222.7,228.5,61.97,37.660286,19.0,84,0.18927431217193608,True,REGULAR,USD,call,2026-05-18,225.6,0.9783561277146839,0.06027397260273973,0.1760357619719773
SPXW260518C07040000,2026-04-23 15:53:44+00:00,7040.0,184.65,201.8,203.1,0.0,0.0,54.0,51,0.18052348415374753,True,REGULAR,USD,call,2026-05-18,202.45,0.9825431011571149,0.06027397260273973,0.17185661076139347
SPXW260518C07050000,2026-04-24 14:10:17+00:00,7050.0,167.09,194.3,195.5,11.48999,7.384312,15.0,224,0.17867718914031983,True,REGULAR,USD,call,2026-05-18,194.9,0.9839387589712585,0.06027397260273973,0.17043633899727478
SPXW260518C07080000,2026-04-24 13:44:08+00:00,7080.0,146.82,172.4,173.6,7.9900055,5.7552443,10.0,34,0.1736380244445801,True,REGULAR,USD,call,2026-05-18,173.0,0.9881257324136893,0.06027397260273973,0.16640791126386045
SPXW260518C07090000,2026-04-24 19:16:34+00:00,7090.0,167.02,165.1,166.5,36.51001,27.974876,48.0,62,0.17195957443237309,True,REGULAR,USD,call,2026-05-18,165.8,0.9895213902278329,0.06027397260273973,0.16489426214194636
SPXW260518C07100000,2026-04-24 19:45:24+00:00,7100.0,157.33,158.3,159.5,35.93,29.596376,130.0,415,0.1702754024314881,True,REGULAR,USD,call,2026-05-18,158.9,0.9909170480419766,0.06027397260273973,0.16366381203924127
SPXW260518C07110000,2026-04-24 17:41:43+00:00,7110.0,148.4,151.4,152.6,29.389992,24.695396,31.0,107,0.16857597179412848,True,REGULAR,USD,call,2026-05-18,152.0,0.9923127058561202,0.06027397260273973,0.16225864677179408
SPXW260518C07125000,2026-04-24 19:42:54+00:00,7125.0,140.95,141.3,142.5,32.009995,29.38314,13.0,220,0.16608118473052985,True,REGULAR,USD,call,2026-05-18,141.9,0.9944061925773356,0.06027397260273973,0.1601871522364068
SPXW260518C07140000,2026-04-24 16:25:44+00:00,7140.0,129.13,131.5,132.7,24.800003,23.770731,49.0,80,0.16362835891723637,True,REGULAR,USD,call,2026-05-18,132.1,0.9964996792985511,0.06027397260273973,0.15814127344932616
SPXW260518C07150000,2026-04-24 19:45:31+00:00,7150.0,124.53,125.1,126.4,28.279999,29.381817,68.0,332,0.16210249526977538,True,REGULAR,USD,call,2026-05-18,125.75,0.9978953371126947,0.06027397260273973,0.15680603069001878
SPXW260518C07160000,2026-04-24 20:14:08+00:00,7160.0,117.67,118.9,120.1,28.689995,32.24319,67.0,26,0.16039734264373778,True,REGULAR,USD,call,2026-05-18,119.5,0.9992909949268384,0.06027397260273973,0.15542024866248125
SPXW260518C07170000,2026-04-24 19:48:00+00:00,7170.0,111.87,112.8,114.0,15.540001,16.132046,20.0,23,0.15878755649566656,False,REGULAR,USD,call,2026-05-18,113.4,1.000686652740982,0.06027397260273973,0.15405041855636303
SPXW260518C07175000,2026-04-24 20:04:45+00:00,7175.0,110.0,109.8,111.0,24.68,28.926395,17.0,48,0.15798266342163086,False,REGULAR,USD,call,2026-05-18,110.4,1.0013844816480537,0.06027397260273973,0.15336100056388305
SPXW260518C07200000,2026-04-24 20:12:49+00:00,7200.0,94.4,95.4,96.6,23.270004,32.714756,87.0,362,0.1540497498703003,False,REGULAR,USD,call,2026-05-18,96.0,1.0048736261834128,0.06027397260273973,0.1499826126453782
SPXW260518C07225000,2026-04-24 20:06:39+00:00,7225.0,82.53,82.0,83.2,22.599998,37.71066,144.0,1168,0.1502274614334107,False,REGULAR,USD,call,2026-05-18,82.6,1.008362770718772,0.06027397260273973,0.14666370354698707
SPXW260518C07250000,2026-04-24 19:58:30+00:00,7250.0,70.96,69.6,70.8,20.779999,41.410915,51.0,360,0.14644713424682615,False,REGULAR,USD,call,2026-05-18,70.19999999999999,1.011851915254131,0.06027397260273973,0.14333301162901618
SPXW260518C07275000,2026-04-24 19:59:41+00:00,7275.0,58.4,58.4,59.6,17.470001,42.682632,66.0,449,0.14293764785766605,False,REGULAR,USD,call,2026-05-18,59.0,1.01534105978949,0.06027397260273973,0.14022840382146814
SPXW260518C07300000,2026-04-24 20:07:08+00:00,7300.0,47.41,48.4,49.5,14.669998,44.807568,60.0,339,0.13952352794647216,False,REGULAR,USD,call,2026-05-18,48.95,1.0188302043248492,0.06027397260273973,0.13724909614693034
SPXW260518C07325000,2026-04-24 20:07:08+00:00,7325.0,39.06,39.5,40.6,12.480001,46.952602,174.0,196,0.13635354621887208,False,REGULAR,USD,call,2026-05-18,40.05,1.0223193488602083,0.06027397260273973,0.13439196810631032
SPXW260518C07350000,2026-04-24 19:45:32+00:00,7350.0,32.04,31.8,32.9,11.34,54.782604,30.0,634,0.13347729324340818,False,REGULAR,USD,call,2026-05-18,32.35,1.0258084933955673,0.06027397260273973,0.13177935501676405
SPXW260518C07375000,2026-04-24 18:58:32+00:00,7375.0,23.99,25.3,26.3,4.539999,23.341896,64.0,126,0.13080703186035153,False,REGULAR,USD,call,2026-05-18,25.8,1.0292976379309264,0.06027397260273973,0.12942145068198638
SPXW260518C07400000,2026-04-24 19:02:13+00:00,7400.0,19.24,19.8,20.8,7.04,57.704918,52.0,192,0.12848771911621093,False,REGULAR,USD,call,2026-05-18,20.3,1.0327867824662855,0.06027397260273973,0.12727140150587013
SPXW260518C07425000,2026-04-24 14:39:47+00:00,7425.0,10.8,15.4,16.3,2.67,32.841328,20.0,157,0.1265307989883423,False,REGULAR,USD,call,2026-05-18,15.850000000000001,1.0362759270016446,0.06027397260273973,0.1255570434507826
SPXW260518C07450000,2026-04-24 19:02:13+00:00,7450.0,11.39,11.8,12.7,0.14000034,1.2444475,35.0,67,0.12499349136352539,False,REGULAR,USD,call,2026-05-18,12.25,1.0397650715370037,0.06027397260273973,0.12409862175580376
SPXW260518C07800000,2026-04-17 19:55:49+00:00,7800.0,0.95,0.4,1.0,0.0,0.0,3000.0,3012,0.1437463555908203,False,REGULAR,USD,call,2026-05-18,0.7,1.0886130950320305,0.06027397260273973,0.1404145565962337
SPXW260518P05800000,2026-04-24 16:27:53+00:00,5800.0,2.8,2.35,2.9,-0.79999995,-22.222221,10.0,216,0.3725343508911133,False,REGULAR,USD,put,2026-05-18,2.625,0.8094815322033048,0.06027397260273973,0.3873343328877333
SPXW260518P05900000,2026-04-24 19:17:02+00:00,5900.0,3.05,2.8,3.4,-2.3500001,-43.51852,127.0,4123,0.35382726257324215,False,REGULAR,USD,put,2026-05-18,3.0999999999999996,0.8234381103447411,0.06027397260273973,0.3682906698491471
SPXW260518P05950000,2026-04-23 17:31:52+00:00,5950.0,5.86,3.0,3.6,0.0,0.0,116.0,117,0.34325302749633785,False,REGULAR,USD,put,2026-05-18,3.3,0.8304163994154593,0.06027397260273973,0.3576071504285724
SPXW260518P06000000,2026-04-24 20:09:00+00:00,6000.0,3.64,3.3,3.9,-2.1299999,-36.915077,21.0,38,0.33374689697265625,False,REGULAR,USD,put,2026-05-18,3.5999999999999996,0.8373946884861774,0.06027397260273973,0.3481053577359685
SPXW260518P06050000,2026-04-24 14:35:34+00:00,6050.0,4.5,3.6,4.3,-1.1999998,-21.05263,52.0,12,0.3250494741821288,False,REGULAR,USD,put,2026-05-18,3.95,0.8443729775568956,0.06027397260273973,0.338811944979303
SPXW260518P06125000,2026-04-24 19:21:28+00:00,6125.0,4.5,4.1,4.8,-1.6999998,-27.419353,50.0,45,0.30998919998168945,False,REGULAR,USD,put,2026-05-18,4.449999999999999,0.8548404111629727,0.06027397260273973,0.3236681540140621
SPXW260518P06200000,2026-04-24 19:30:23+00:00,6200.0,5.42,4.8,5.6,-1.6799998,-23.66197,42.0,110,0.29688203124999996,False,REGULAR,USD,put,2026-05-18,5.199999999999999,0.86530784476905,0.06027397260273973,0.31013971889563885
SPXW260518P06250000,2026-04-24 19:30:09+00:00,6250.0,6.0,5.4,6.1,-6.5600004,-52.2293,40.0,54,0.28713176254272454,False,REGULAR,USD,put,2026-05-18,5.75,0.8722861338397682,0.06027397260273973,0.3007952746886315
SPXW260518P06300000,2026-04-24 19:30:09+00:00,6300.0,6.71,6.1,6.9,-1.8900003,-21.976748,41.0,60,0.27912097839355465,False,REGULAR,USD,put,2026-05-18,6.5,0.8792644229104862,0.06027397260273973,0.2924518693437408
SPXW260518P06350000,2026-04-24 19:30:21+00:00,6350.0,7.56,6.9,7.6,-1.5400004,-16.92308,43.0,673,0.26963010650634767,False,REGULAR,USD,put,2026-05-18,7.25,0.8862427119812044,0.06027397260273973,0.28326473139838737
SPXW260518P06400000,2026-04-24 19:35:00+00:00,6400.0,8.58,7.8,8.7,-7.12,-45.35032,49.0,181,0.2619321244049073,False,REGULAR,USD,put,2026-05-18,8.25,0.8932210010519226,0.06027397260273973,0.2749687063666678
SPXW260518P06450000,2026-04-24 19:35:00+00:00,6450.0,9.84,9.0,9.8,-7.959999,-44.719097,47.0,99,0.2532347016143799,False,REGULAR,USD,put,2026-05-18,9.4,0.9001992901226407,0.06027397260273973,0.26657846961478443
SPXW260518P06475000,2026-04-24 17:56:12+00:00,6475.0,10.45,9.7,10.5,-4.55,-30.333334,44.0,125,0.24931323204040526,False,REGULAR,USD,put,2026-05-18,10.1,0.9036884346579998,0.06027397260273973,0.2626765876461015
SPXW260518P06500000,2026-04-24 19:54:35+00:00,6500.0,10.69,10.5,11.3,-6.1099997,-36.369045,49.0,1651,0.24558249542236327,False,REGULAR,USD,put,2026-05-18,10.9,0.9071775791933588,0.06027397260273973,0.25897889965524085
SPXW260518P06550000,2026-04-24 19:35:59+00:00,6550.0,13.28,12.2,13.0,-5.05,-27.550465,62.0,307,0.23763274581909177,False,REGULAR,USD,put,2026-05-18,12.6,0.914155868264077,0.06027397260273973,0.2510406052194561
SPXW260518P06600000,2026-04-24 19:35:59+00:00,6600.0,15.49,14.3,15.2,-7.630001,-33.00173,82.0,160,0.23038489349365232,False,REGULAR,USD,put,2026-05-18,14.75,0.9211341573347951,0.06027397260273973,0.24365407771073289
SPXW260518P06625000,2026-04-24 19:59:09+00:00,6625.0,15.83,15.5,16.4,-3.6599998,-18.77886,34.0,313,0.22657023437499998,False,REGULAR,USD,put,2026-05-18,15.95,0.9246233018701542,0.06027397260273973,0.2398646703635622
SPXW260518P06650000,2026-04-24 19:59:09+00:00,6650.0,17.18,16.9,17.8,-10.199999,-37.253468,26.0,63,0.2230531186676025,False,REGULAR,USD,put,2026-05-18,17.35,0.9281124464055133,0.06027397260273973,0.23639276921351735
SPXW260518P06675000,2026-04-24 18:30:18+00:00,6675.0,19.76,18.4,19.3,-7.74,-28.145452,48.0,244,0.2194291925048828,False,REGULAR,USD,put,2026-05-18,18.85,0.9316015909408724,0.06027397260273973,0.23280985427598608
SPXW260518P06700000,2026-04-24 19:59:02+00:00,6700.0,20.06,20.1,21.0,-16.26,-44.768723,19.0,195,0.2159731113433838,False,REGULAR,USD,put,2026-05-18,20.55,0.9350907354762314,0.06027397260273973,0.22940756359126874
SPXW260518P06750000,2026-04-24 16:58:24+00:00,6750.0,24.86,23.8,24.8,-12.34,-33.172043,48.0,1270,0.2087748495864868,False,REGULAR,USD,put,2026-05-18,24.3,0.9420690245469496,0.06027397260273973,0.22215832241327513
SPXW260518P06760000,2026-04-23 15:35:20+00:00,6760.0,28.92,24.7,25.6,0.0,0.0,42.0,104,0.2072108393478393,False,REGULAR,USD,put,2026-05-18,25.15,0.9434646823610932,0.06027397260273973,0.2207460408753598
SPXW260518P06775000,2026-04-24 19:52:55+00:00,6775.0,26.82,26.0,26.9,-14.049999,-34.377293,20.0,155,0.2049716344451904,False,REGULAR,USD,put,2026-05-18,26.45,0.9455581690823086,0.06027397260273973,0.21853360887307297
SPXW260518P06810000,2026-04-24 19:58:57+00:00,6810.0,29.3,29.4,30.3,-5.91,-16.785006,11.0,87,0.1998981378173828,False,REGULAR,USD,put,2026-05-18,29.85,0.9504429714318113,0.06027397260273973,0.21354329880578576
SPXW260518P06820000,2026-04-23 19:40:43+00:00,6820.0,43.25,30.4,31.4,0.0,0.0,61.0,79,0.19854774848937987,False,REGULAR,USD,put,2026-05-18,30.9,0.951838629245955,0.06027397260273973,0.21210378666128776
SPXW260518P06850000,2026-04-24 19:52:23+00:00,6850.0,34.6,33.7,34.8,-14.380001,-29.358923,23.0,509,0.19414563186645512,False,REGULAR,USD,put,2026-05-18,34.25,0.9560256026883859,0.06027397260273973,0.20768129298706198
SPXW260518P06860000,2026-04-24 18:52:49+00:00,6860.0,36.36,35.0,36.0,-13.059998,-26.426544,90.0,49,0.1926312121963501,False,REGULAR,USD,put,2026-05-18,35.5,0.9574212605025295,0.06027397260273973,0.20631040056126526
SPXW260518P06870000,2026-04-24 19:48:31+00:00,6870.0,37.08,36.2,37.2,-3.7999992,-9.295497,15.0,48,0.1910252407073975,False,REGULAR,USD,put,2026-05-18,36.7,0.9588169183166732,0.06027397260273973,0.20472905457995316
SPXW260518P06875000,2026-04-24 19:43:02+00:00,6875.0,37.83,36.9,37.9,-13.75,-26.657618,20.0,193,0.1903843779754639,False,REGULAR,USD,put,2026-05-18,37.4,0.959514747223745,0.06027397260273973,0.20411456512455595
SPXW260518P06890000,2026-04-24 16:19:00+00:00,6890.0,41.03,38.8,39.9,-6.8700027,-14.342385,10.0,26,0.1881146557998657,False,REGULAR,USD,put,2026-05-18,39.349999999999994,0.9616082339449604,0.06027397260273973,0.2017947680411336
SPXW260518P06900000,2026-04-24 19:39:12+00:00,6900.0,41.85,40.2,41.3,-12.150002,-22.500002,70.0,266,0.18660405078887943,False,REGULAR,USD,put,2026-05-18,40.75,0.9630038917591041,0.06027397260273973,0.20032405114430865
SPXW260518P06925000,2026-04-24 19:52:23+00:00,6925.0,44.95,43.9,45.0,-12.259998,-21.429817,15.0,51,0.18273980110168456,False,REGULAR,USD,put,2026-05-18,44.45,0.966493036294463,0.06027397260273973,0.19657015558459398
SPXW260518P06930000,2026-04-24 18:52:49+00:00,6930.0,46.24,44.7,45.8,-13.829998,-23.023136,34.0,32,0.1819959425735474,False,REGULAR,USD,put,2026-05-18,45.25,0.9671908652015349,0.06027397260273973,0.19585208831086023
SPXW260518P06950000,2026-04-24 19:58:30+00:00,6950.0,47.69,48.0,49.1,-18.810001,-28.285715,86.0,135,0.1789175126647949,False,REGULAR,USD,put,2026-05-18,48.55,0.9699821808298221,0.06027397260273973,0.1928776853079459
SPXW260518P06960000,2026-04-24 18:13:03+00:00,6960.0,51.27,49.8,50.8,-26.219997,-33.83662,14.0,34,0.1772962825393677,False,REGULAR,USD,put,2026-05-18,50.3,0.9713778386439658,0.06027397260273973,0.1913978445901649
SPXW260518P06990000,2026-04-24 19:58:36+00:00,6990.0,55.31,55.4,56.5,-18.389996,-24.952505,31.0,54,0.1727205989265442,False,REGULAR,USD,put,2026-05-18,55.95,0.9755648120863967,0.06027397260273973,0.18693157519968315
SPXW260518P07000000,2026-04-24 19:52:03+00:00,7000.0,56.89,57.4,58.5,-19.400002,-25.429285,34.0,231,0.1711108127784729,False,REGULAR,USD,put,2026-05-18,57.95,0.9769604699005403,0.06027397260273973,0.18539154427062074
SPXW260518P07010000,2026-04-24 20:06:39+00:00,7010.0,59.79,59.5,60.6,-24.229996,-28.83837,37.0,52,0.16953154390335087,False,REGULAR,USD,put,2026-05-18,60.05,0.9783561277146839,0.06027397260273973,0.183889958160357
SPXW260518P07020000,2026-04-24 19:36:06+00:00,7020.0,63.95,61.7,62.8,-7.41,-10.383968,12.0,43,0.16797707031250003,False,REGULAR,USD,put,2026-05-18,62.25,0.9797517855288276,0.06027397260273973,0.1824191879695388
SPXW260518P07050000,2026-04-24 20:12:53+00:00,7050.0,70.6,68.8,70.0,-22.440002,-24.11866,515.0,522,0.1633975720405579,False,REGULAR,USD,put,2026-05-18,69.4,0.9839387589712585,0.06027397260273973,0.17805652316735762
SPXW260518P07070000,2026-04-24 19:52:06+00:00,7070.0,75.58,74.0,75.2,-18.699997,-19.834532,29.0,63,0.16021423900604248,False,REGULAR,USD,put,2026-05-18,74.6,0.9867300745995456,0.06027397260273973,0.17509854178237205
SPXW260518P07090000,2026-04-24 16:20:12+00:00,7090.0,83.12,79.7,80.8,-17.89,-17.711117,33.0,198,0.15699466670989992,False,REGULAR,USD,put,2026-05-18,80.25,0.9895213902278329,0.06027397260273973,0.17221331667212994
SPXW260518P07100000,2026-04-24 19:36:47+00:00,7100.0,84.96,82.6,83.8,-24.190002,-22.162165,54.0,163,0.15543065647125248,False,REGULAR,USD,put,2026-05-18,83.19999999999999,0.9909170480419766,0.06027397260273973,0.1707191075667565
SPXW260518P07110000,2026-04-24 19:57:52+00:00,7110.0,84.92,85.7,86.9,-26.740005,-23.947702,14.0,57,0.15383612895965576,False,REGULAR,USD,put,2026-05-18,86.30000000000001,0.9923127058561202,0.06027397260273973,0.1692822537788108
SPXW260518P07125000,2026-04-24 19:45:53+00:00,7125.0,92.39,90.6,91.8,-11.770004,-11.299927,45.0,68,0.15147294763565067,False,REGULAR,USD,put,2026-05-18,91.19999999999999,0.9944061925773356,0.06027397260273973,0.16717548334994184
SPXW260518P07150000,2026-04-24 19:45:33+00:00,7150.0,100.82,99.3,100.6,-31.099998,-23.574894,30.0,80,0.14750188749313356,False,REGULAR,USD,put,2026-05-18,99.94999999999999,0.9978953371126947,0.06027397260273973,0.1636272181843524
SPXW260526C07000000,2026-04-23 18:01:55+00:00,7000.0,209.46,251.5,252.8,0.0,0.0,17.0,519,0.18717815698623658,True,REGULAR,USD,call,2026-05-26,252.15,0.9769604699005403,0.0821917808219178,0.17329054547822975
SPXW260526C07100000,2026-04-24 19:55:59+00:00,7100.0,177.98,177.7,179.1,33.979996,23.59722,21.0,56,0.17116421800613404,True,REGULAR,USD,call,2026-05-26,178.39999999999998,0.9909170480419766,0.0821917808219178,0.16073826565510313
SPXW260526C07125000,2026-04-24 18:08:31+00:00,7125.0,158.35,160.8,162.1,15.950012,11.200852,94.0,60,0.16722367513656616,True,REGULAR,USD,call,2026-05-26,161.45,0.9944061925773356,0.0821917808219178,0.15761548886249158
SPXW260526C07150000,2026-04-24 19:06:05+00:00,7150.0,142.36,144.5,145.9,27.46,23.89904,166.0,83,0.16347005056381228,True,REGULAR,USD,call,2026-05-26,145.2,0.9978953371126947,0.0821917808219178,0.1545163717388528
SPXW260526C07175000,2026-04-24 18:52:48+00:00,7175.0,124.81,128.9,130.3,22.519997,22.015835,24.0,47,0.1596115228652954,False,REGULAR,USD,call,2026-05-26,129.60000000000002,1.0013844816480537,0.0821917808219178,0.15132164654953106
SPXW260526C07200000,2026-04-24 19:59:08+00:00,7200.0,114.8,114.2,115.6,26.86,30.54355,41.0,55,0.15594754278182982,False,REGULAR,USD,call,2026-05-26,114.9,1.0048736261834128,0.0821917808219178,0.1482804869013554
SPXW260526C07225000,2026-04-24 20:14:20+00:00,7225.0,99.65,100.4,101.8,22.090004,28.481182,217.0,168,0.15242470508575445,False,REGULAR,USD,call,2026-05-26,101.1,1.008362770718772,0.0821917808219178,0.1453375667697188
SPXW260526C07250000,2026-04-24 20:14:35+00:00,7250.0,87.39,87.5,88.9,21.589996,32.811543,71.0,118,0.1489915118789673,False,REGULAR,USD,call,2026-05-26,88.2,1.011851915254131,0.0821917808219178,0.1424444640435646
SPXW260526C07275000,2026-04-24 20:04:26+00:00,7275.0,75.84,75.6,76.9,19.869995,35.501152,74.0,61,0.14561172389984128,False,REGULAR,USD,call,2026-05-26,76.25,1.01534105978949,0.0821917808219178,0.13962062918128954
SPXW260526C07300000,2026-04-24 20:14:35+00:00,7300.0,64.84,64.7,66.0,17.009995,35.563442,71.0,37,0.14249896205902096,False,REGULAR,USD,call,2026-05-26,65.35,1.0188302043248492,0.0821917808219178,0.1369645772727949
SPXW260526C07400000,2026-04-24 19:54:36+00:00,7400.0,31.82,31.6,32.9,9.719999,43.9819,68.0,173,0.1323042855644226,False,REGULAR,USD,call,2026-05-26,32.25,1.0327867824662855,0.0821917808219178,0.12817159258342564
SPXW260526C07700000,2026-04-24 15:44:42+00:00,7700.0,2.04,2.2,2.95,0.26999998,15.254237,17.0,29,0.12683978637695312,False,REGULAR,USD,call,2026-05-26,2.575,1.0746565168905944,0.0821917808219178,0.12373324245094117
SPXW260526C07800000,2026-04-24 16:00:56+00:00,7800.0,1.2,1.0,1.65,-0.049999952,-3.9999962,13.0,27,0.13323315505981442,False,REGULAR,USD,call,2026-05-26,1.325,1.0886130950320305,0.0821917808219178,0.12948486004202273
SPXW260526P06200000,2026-04-24 15:32:04+00:00,6200.0,9.5,8.4,9.3,-7.3500004,-43.62018,54.0,63,0.2815013256835937,False,REGULAR,USD,put,2026-05-26,8.850000000000001,0.86530784476905,0.0821917808219178,0.2928682578608565
SPXW260526P06300000,2026-04-24 17:51:34+00:00,6300.0,11.35,10.5,11.4,-3.12,-21.561852,23.0,35,0.26625794784545903,False,REGULAR,USD,put,2026-05-26,10.95,0.8792644229104862,0.0821917808219178,0.2778016169833679
SPXW260526P06400000,2026-04-24 20:01:35+00:00,6400.0,13.8,13.4,14.3,-4.249999,-23.545702,48.0,103,0.2518003897857666,False,REGULAR,USD,put,2026-05-26,13.850000000000001,0.8932210010519226,0.0821917808219178,0.26352582016055176
SPXW260526P06500000,2026-04-24 20:14:35+00:00,6500.0,18.15,17.4,18.3,-3.4400005,-15.933305,36.0,104,0.23794554786682123,False,REGULAR,USD,put,2026-05-26,17.85,0.9071775791933588,0.0821917808219178,0.24987956442887826
SPXW260526P06525000,2026-04-24 19:37:10+00:00,6525.0,19.62,18.6,19.5,-4.2299995,-17.735846,21.0,16,0.23450472534179687,False,REGULAR,USD,put,2026-05-26,19.05,0.9106667237287179,0.0821917808219178,0.2464913024899359
SPXW260526P06575000,2026-04-24 19:32:04+00:00,6575.0,22.32,21.2,22.2,-7.08,-24.081633,22.0,24,0.22767267086029053,False,REGULAR,USD,put,2026-05-26,21.7,0.9176450127994361,0.0821917808219178,0.23962341667498702
SPXW260526P06600000,2026-04-24 19:27:24+00:00,6600.0,23.74,22.7,23.8,-7.3199997,-23.56729,12.0,91,0.22449505981445309,False,REGULAR,USD,put,2026-05-26,23.25,0.9211341573347951,0.0821917808219178,0.23638761469508998
SPXW260526P06625000,2026-04-24 19:50:26+00:00,6625.0,24.6,24.4,25.4,-7.6000004,-23.602486,26.0,20,0.22100083206176757,False,REGULAR,USD,put,2026-05-26,24.9,0.9246233018701542,0.0821917808219178,0.2330931305130897
SPXW260526P06700000,2026-04-24 18:05:38+00:00,6700.0,31.32,30.1,31.2,-8.380001,-21.108315,57.0,105,0.2109301319885254,False,REGULAR,USD,put,2026-05-26,30.65,0.9350907354762314,0.0821917808219178,0.22314731303790558
SPXW260526P06750000,2026-04-24 20:10:05+00:00,6750.0,35.62,34.7,35.8,-12.810001,-26.45055,37.0,57,0.20402559898376463,False,REGULAR,USD,put,2026-05-26,35.25,0.9420690245469496,0.0821917808219178,0.21642583095190435
SPXW260526P06800000,2026-04-24 20:01:35+00:00,6800.0,40.5,40.1,41.2,-12.040001,-22.915874,102.0,167,0.1971325099563599,False,REGULAR,USD,put,2026-05-26,40.650000000000006,0.9490473136176677,0.0821917808219178,0.20974646724888543
SPXW260526P06850000,2026-04-24 19:48:59+00:00,6850.0,47.17,46.4,47.5,-12.910004,-21.488022,11.0,110,0.19015549842834475,False,REGULAR,USD,put,2026-05-26,46.95,0.9560256026883859,0.0821917808219178,0.2030238727790616
SPXW260526P06875000,2026-04-24 19:54:10+00:00,6875.0,50.2,49.9,51.0,-3.829998,-7.0886507,120.0,12,0.18657734817504884,False,REGULAR,USD,put,2026-05-26,50.45,0.959514747223745,0.0821917808219178,0.19958421820558783
SPXW260526P06900000,2026-04-24 19:55:03+00:00,6900.0,53.36,53.7,54.8,-13.639999,-20.358208,130.0,68,0.1829915686035156,False,REGULAR,USD,put,2026-05-26,54.25,0.9630038917591041,0.0821917808219178,0.19615783853163654
SPXW260526P06925000,2026-04-24 19:58:33+00:00,6925.0,57.4,57.8,59.0,-16.220001,-22.032057,118.0,62,0.1795125994873047,False,REGULAR,USD,put,2026-05-26,58.4,0.966493036294463,0.0821917808219178,0.19278198198373975
SPXW260526P06950000,2026-04-24 19:53:13+00:00,6950.0,63.24,62.2,63.4,-7.329998,-10.386847,26.0,518,0.1757971215057373,False,REGULAR,USD,put,2026-05-26,62.8,0.9699821808298221,0.0821917808219178,0.18925895695285921
SPXW260526P06975000,2026-04-24 20:14:20+00:00,6975.0,68.84,67.1,68.3,-15.510002,-18.387674,224.0,72,0.1722361372184754,False,REGULAR,USD,put,2026-05-26,67.69999999999999,0.9734713253651812,0.0821917808219178,0.18592322326963054
SPXW260526P07000000,2026-04-24 19:55:04+00:00,7000.0,71.73,72.3,73.5,-23.07,-24.335442,13.0,602,0.1684996786117554,False,REGULAR,USD,put,2026-05-26,72.9,0.9769604699005403,0.0821917808219178,0.18243082713905978
SPXW260526P07025000,2026-04-24 19:57:44+00:00,7025.0,77.6,78.0,79.3,-33.0,-29.83725,22.0,88,0.16493678699493408,False,REGULAR,USD,put,2026-05-26,78.65,0.9804496144358994,0.0821917808219178,0.17908971578562022
SPXW260526P07050000,2026-04-24 19:00:36+00:00,7050.0,84.78,84.2,85.5,-21.020004,-19.867678,21.0,19,0.16123275299072265,False,REGULAR,USD,put,2026-05-26,84.85,0.9839387589712585,0.0821917808219178,0.17570625446833482
SPXW260526P07075000,2026-04-24 19:49:08+00:00,7075.0,91.81,90.9,92.2,-34.200005,-27.140707,30.0,71,0.1574600551223755,False,REGULAR,USD,put,2026-05-26,91.55000000000001,0.9874279035066175,0.0821917808219178,0.17229844661904722
SPXW260526P07100000,2026-04-24 19:47:05+00:00,7100.0,100.42,98.2,99.5,-23.04,-18.661917,39.0,98,0.15368735725402832,False,REGULAR,USD,put,2026-05-26,98.85,0.9909170480419766,0.0821917808219178,0.16894292184542414
SPXW260526P07125000,2026-04-24 19:17:23+00:00,7125.0,104.34,106.1,107.5,-43.350006,-29.352024,27.0,68,0.14996424995422367,False,REGULAR,USD,put,2026-05-26,106.8,0.9944061925773356,0.0821917808219178,0.16564615981714795
SPXW260526P07150000,2026-04-24 18:50:28+00:00,7150.0,117.8,114.8,116.2,-40.789993,-25.72041,61.0,28,0.14622969867706298,False,REGULAR,USD,put,2026-05-26,115.5,0.9978953371126947,0.0821917808219178,0.1624754428552785
SPXW260526P07175000,2026-04-23 16:23:23+00:00,7175.0,140.28,124.2,125.6,0.0,0.0,14.0,24,0.142411224899292,True,REGULAR,USD,put,2026-05-26,124.9,1.0013844816480537,0.0821917808219178,0.15931256525973558
